State,County,Rate_100000,Rate_Level
AK,Aleutians East,165,1
AK,Aleutians West,261.8,1
AK,Anchorage,261.7333333,1
AK,Bethel,321.3222222,2
AK,Bristol Bay,0,1
AK,Denali,322.8285714,2
AK,Dillingham,465.4333333,4
AK,Fairbanks North Star,300.7636364,2
AK,Haines,358.2285714,3
AK,Juneau,359.6428571,3
AK,Kenai Peninsula,295.52,2
AK,Ketchikan Gateway,346.1333333,2
AK,Kodiak Island,355.325,3
AK,Lake and Peninsula,398.45,3
AK,Matanuska-Susitna,250.7133333,1
AK,Nome,381.9,3
AK,North Slope,371.55,3
AK,Northwest Arctic,397.5666667,3
AK,Prince of Wales-Hyder,0,1
AK,Sitka,310.15,2
AK,Skagway,0,1
AK,Southeast Fairbanks,305.8111111,2
AK,Valdez-Cordova,298.5357143,2
AK,Wade Hampton,361.1166667,3
AK,Wrangell,0,1
AK,Yakutat,0,1
AK,Yukon-Koyukuk,301.7666667,2
AL,Autauga,422.0222222,4
AL,Baldwin,321.5705882,2
AL,Barbour,461.1444444,4
AL,Bibb,393.0363636,3
AL,Blount,387.4818182,3
AL,Bullock,404.8666667,3
AL,Butler,493.0666667,4
AL,Calhoun,615,4
AL,Chambers,419.7222222,4
AL,Cherokee,553.3888889,4
AL,Chilton,547.1777778,4
AL,Choctaw,556.9888889,4
AL,Clarke,461.6,4
AL,Clay,565.2777778,4
AL,Cleburne,579.4777778,4
AL,Coffee,483.5,4
AL,Colbert,516.8222222,4
AL,Conecuh,449.6222222,4
AL,Coosa,471.2111111,4
AL,Covington,462.19,4
AL,Crenshaw,471.0444444,4
AL,Cullman,469.6777778,4
AL,Dale,469.6555556,4
AL,Dallas,586,4
AL,DeKalb,522.29,4
AL,Elmore,415.0333333,4
AL,Escambia,371.9333333,3
AL,Etowah,539.2,4
AL,Fayette,496.3777778,4
AL,Franklin,503.2333333,4
AL,Geneva,462.9,4
AL,Greene,530.9222222,4
AL,Hale,512.0222222,4
AL,Henry,443.8888889,4
AL,Houston,397.2555556,3
AL,Jackson,492.31,4
AL,Jefferson,272.4466667,1
AL,Lamar,489.4666667,4
AL,Lauderdale,452.6111111,4
AL,Lawrence,503.9333333,4
AL,Lee,336.6727273,2
AL,Limestone,415.93,4
AL,Lowndes,432.1333333,4
AL,Macon,511.8333333,4
AL,Madison,283.4466667,1
AL,Marengo,585.1333333,4
AL,Marion,567.5,4
AL,Marshall,460.8454545,4
AL,Mobile,360.2411765,3
AL,Monroe,370.34,3
AL,Montgomery,289.1916667,2
AL,Morgan,449.78,4
AL,Perry,566.7111111,4
AL,Pickens,481.8666667,4
AL,Pike,388.7444444,3
AL,Randolph,597.2444444,4
AL,Russell,410.85,4
AL,Shelby,276.0076923,1
AL,St. Clair,391.6333333,3
AL,Sumter,483.0444444,4
AL,Talladega,483.7444444,4
AL,Tallapoosa,467.4333333,4
AL,Tuscaloosa,411.42,4
AL,Walker,534.4272727,4
AL,Washington,450.4583333,4
AL,Wilcox,600.0333333,4
AL,Winston,464.4555556,4
AR,Arkansas,486.5222222,4
AR,Ashley,490.2333333,4
AR,Baxter,361.7833333,3
AR,Benton,296.40625,2
AR,Boone,501.25,4
AR,Bradley,577.3222222,4
AR,Calhoun,484.6,4
AR,Carroll,357.475,3
AR,Chicot,520.3333333,4
AR,Clark,482.2222222,4
AR,Clay,462.2428571,4
AR,Cleburne,423.6875,4
AR,Cleveland,560.1444444,4
AR,Columbia,456.8,4
AR,Conway,442.4333333,4
AR,Craighead,504.6,4
AR,Crawford,368.1941176,3
AR,Crittenden,357.3833333,3
AR,Cross,507.0777778,4
AR,Dallas,485.9222222,4
AR,Desha,681.1,4
AR,Drew,550.9888889,4
AR,Faulkner,347,2
AR,Franklin,426.525,4
AR,Fulton,410.9666667,4
AR,Garland,392.75,3
AR,Grant,412.6444444,4
AR,Greene,466.4,4
AR,Hempstead,503.6666667,4
AR,Hot Spring,432.4111111,4
AR,Howard,515.4333333,4
AR,Independence,576.0555556,4
AR,Izard,427.65,4
AR,Jackson,554.1555556,4
AR,Jefferson,568.6,4
AR,Johnson,446.75,4
AR,Lafayette,449.0222222,4
AR,Lawrence,501.8,4
AR,Lee,523.3222222,4
AR,Lincoln,573.4222222,4
AR,Little River,507.2,4
AR,Logan,417.8,4
AR,Lonoke,407.78,3
AR,Madison,399.3181818,3
AR,Marion,379.4166667,3
AR,Miller,414.84,4
AR,Mississippi,470.6181818,4
AR,Monroe,527.2666667,4
AR,Montgomery,459.9666667,4
AR,Nevada,504.2222222,4
AR,Newton,469.6166667,4
AR,Ouachita,497.2777778,4
AR,Perry,401.49,3
AR,Phillips,474.7,4
AR,Pike,496.2888889,4
AR,Poinsett,570.0555556,4
AR,Polk,497.58,4
AR,Pope,381.2875,3
AR,Prairie,542.7444444,4
AR,Pulaski,309.5266667,2
AR,Randolph,492.05,4
AR,Saline,333.0090909,2
AR,Scott,410.0909091,4
AR,Searcy,416.7,4
AR,Sebastian,338.225,2
AR,Sevier,488.5545455,4
AR,Sharp,513.5833333,4
AR,St. Francis,513.5888889,4
AR,Stone,373.2666667,3
AR,Union,415.9222222,4
AR,Van Buren,387.0571429,3
AR,Washington,403.8875,3
AR,White,553.6888889,4
AR,Woodruff,545.3555556,4
AR,Yell,468.7777778,4
AS,American Samoa,373.9666667,3
AZ,Apache,286.9583333,1
AZ,Cochise,265.0944444,1
AZ,Coconino,233.9785714,1
AZ,Gila,267.0333333,1
AZ,Graham,266.7875,1
AZ,Greenlee,288.4538462,2
AZ,La Paz,321.65,2
AZ,Maricopa,242.7833333,1
AZ,Mohave,365.4166667,3
AZ,Navajo,275.95,1
AZ,Pima,265.3611111,1
AZ,Pinal,235.6222222,1
AZ,Santa Cruz,271.3333333,1
AZ,Yavapai,256.4888889,1
AZ,Yuma,253.05,1
CA,Alameda,248.1444444,1
CA,Alpine,287.775,2
CA,Amador,288.56875,2
CA,Butte,330.4176471,2
CA,Calaveras,332.7294118,2
CA,Colusa,316.2058824,2
CA,Contra Costa,232.0941176,1
CA,Del Norte,390.3,3
CA,El Dorado,271.9166667,1
CA,Fresno,319.4777778,2
CA,Glenn,342.0625,2
CA,Humboldt,329.9071429,2
CA,Imperial,324.1888889,2
CA,Inyo,330.1444444,2
CA,Kern,356.0611111,3
CA,Kings,310.3833333,2
CA,Lake,341.75,2
CA,Lassen,340.1222222,2
CA,Los Angeles,306.7333333,2
CA,Madera,312.9611111,2
CA,Marin,191.2133333,1
CA,Mariposa,324.6882353,2
CA,Mendocino,281.7388889,1
CA,Merced,334.9611111,2
CA,Modoc,350.3466667,2
CA,Mono,276.0588235,1
CA,Monterey,241.75,1
CA,Napa,249.3941176,1
CA,Nevada,272.4294118,1
CA,Orange,273.5555556,1
CA,Placer,277.75,1
CA,Plumas,314.9777778,2
CA,Riverside,324.2,2
CA,Sacramento,304.0777778,2
CA,San Benito,261.8944444,1
CA,San Bernardino,341.8,2
CA,San Diego,274.3944444,1
CA,San Francisco,245.9533333,1
CA,San Joaquin,320.0944444,2
CA,San Luis Obispo,239.1166667,1
CA,San Mateo,230.2125,1
CA,Santa Barbara,278.1166667,1
CA,Santa Clara,224.0388889,1
CA,Santa Cruz,240.1411765,1
CA,Shasta,363.4857143,3
CA,Sierra,302.475,2
CA,Siskiyou,325.8125,2
CA,Solano,245.1444444,1
CA,Sonoma,230.0277778,1
CA,Stanislaus,325.6166667,2
CA,Sutter,321.8277778,2
CA,Tehama,329.15625,2
CA,Trinity,336.4857143,2
CA,Tulare,362.0277778,3
CA,Tuolumne,299.3882353,2
CA,Ventura,273.2944444,1
CA,Yolo,266.5611111,1
CA,Yuba,317.5722222,2
CO,Adams,272.65,1
CO,Alamosa,303.4666667,2
CO,Arapahoe,227.8888889,1
CO,Archuleta,250.4916667,1
CO,Baca,288.6111111,2
CO,Bent,316.7,2
CO,Boulder,201.22,1
CO,Broomfield,244.2882353,1
CO,Chaffee,275.7625,1
CO,Cheyenne,258.2166667,1
CO,Clear Creek,271.0181818,1
CO,Conejos,279.96,1
CO,Costilla,265.4,1
CO,Crowley,258.0666667,1
CO,Custer,261.4666667,1
CO,Delta,290.8222222,2
CO,Denver,294.5277778,2
CO,Dolores,271.675,1
CO,Douglas,185.5235294,1
CO,Eagle,138.1777778,1
CO,El Paso,244.45,1
CO,Elbert,212.525,1
CO,Fremont,265.72,1
CO,Garfield,216.3333333,1
CO,Gilpin,239.9454545,1
CO,Grand,212.2333333,1
CO,Gunnison,241.8222222,1
CO,Hinsdale,218.8,1
CO,Huerfano,264.4666667,1
CO,Jackson,231.5428571,1
CO,Jefferson,275.7166667,1
CO,Kiowa,320.8285714,2
CO,Kit Carson,266.4,1
CO,La Plata,256.5833333,1
CO,Lake,327.3285714,2
CO,Larimer,181.7076923,1
CO,Las Animas,296.1222222,2
CO,Lincoln,236.3666667,1
CO,Logan,243.7,1
CO,Mesa,289.88,2
CO,Mineral,285.2,1
CO,Moffat,215.6142857,1
CO,Montezuma,274.5583333,1
CO,Montrose,292.54,2
CO,Morgan,245.5357143,1
CO,Otero,341.0555556,2
CO,Ouray,177.4571429,1
CO,Park,196.6923077,1
CO,Phillips,318.4,2
CO,Pitkin,121.3666667,1
CO,Prowers,280.6714286,1
CO,Pueblo,259.7375,1
CO,Rio Blanco,245.65,1
CO,Rio Grande,310.6222222,2
CO,Routt,198.2571429,1
CO,Saguache,316.3111111,2
CO,San Juan,237.8857143,1
CO,San Miguel,120.2833333,1
CO,Sedgwick,324.4833333,2
CO,Summit,138.5571429,1
CO,Teller,248.5411765,1
CO,Washington,228.9333333,1
CO,Weld,227.525,1
CO,Yuma,305.4833333,2
CT,Fairfield,237.8533333,1
CT,Hartford,250.56,1
CT,Litchfield,253.7866667,1
CT,Middlesex,243.22,1
CT,New Haven,247.6466667,1
CT,New London,250.3533333,1
CT,Tolland,266.0866667,1
CT,Windham,290.55625,2
DC,District of Columbia,295.8266667,2
DE,Kent,270.26,1
DE,New Castle,251.8733333,1
DE,Sussex,322.7166667,2
FL,Alachua,234.38125,1
FL,Baker,261.6666667,1
FL,Bay,315.9615385,2
FL,Bradford,264.4384615,1
FL,Brevard,271.28,1
FL,Broward,241.40625,1
FL,Calhoun,358.77,3
FL,Charlotte,229.5,1
FL,Citrus,320.36,2
FL,Clay,243.9133333,1
FL,Collier,187.5125,1
FL,Columbia,359.9181818,3
FL,DeSoto,233.8571429,1
FL,Dixie,377.1777778,3
FL,Duval,264.91875,1
FL,Escambia,299.0235294,2
FL,Flagler,269.8642857,1
FL,Franklin,362.2,3
FL,Gadsden,335.76,2
FL,Gilchrist,260.525,1
FL,Glades,238.7,1
FL,Gulf,369.8444444,3
FL,Hamilton,404.06,3
FL,Hardee,260.6,1
FL,Hendry,262.39375,1
FL,Hernando,256.1428571,1
FL,Highlands,275.38,1
FL,Hillsborough,270.65625,1
FL,Holmes,476.1888889,4
FL,Indian River,246.3266667,1
FL,Jackson,374.36,3
FL,Jefferson,333.4,2
FL,Lafayette,488.6444444,4
FL,Lake,258.65625,1
FL,Lee,223.3066667,1
FL,Leon,226.02,1
FL,Levy,305.65,2
FL,Liberty,351.22,2
FL,Madison,432.08,4
FL,Manatee,240.0625,1
FL,Marion,336.74375,2
FL,Martin,215.7866667,1
FL,Miami-Dade,289.5533333,2
FL,Monroe,269.8466667,1
FL,Nassau,267.78,1
FL,Okaloosa,262.5,1
FL,Okeechobee,329.7666667,2
FL,Orange,256.03125,1
FL,Osceola,295.75,2
FL,Palm Beach,221.78,1
FL,Pasco,250.5705882,1
FL,Pinellas,271.45,1
FL,Polk,276.1941176,1
FL,Putnam,282.33125,1
FL,Santa Rosa,303.1588235,2
FL,Sarasota,196.28,1
FL,Seminole,241.75625,1
FL,St. Johns,227.6133333,1
FL,St. Lucie,237.1928571,1
FL,Sumter,250.8529412,1
FL,Suwannee,423.1333333,4
FL,Taylor,417.0222222,4
FL,Union,419.7,4
FL,Volusia,282.20625,1
FL,Wakulla,383.4333333,3
FL,Walton,330.6363636,2
FL,Washington,410.73,4
GA,Appling,522.2111111,4
GA,Atkinson,447.7555556,4
GA,Bacon,495.0666667,4
GA,Baker,352.2111111,2
GA,Baldwin,453.4222222,4
GA,Banks,335.5888889,2
GA,Barrow,241.1266667,1
GA,Bartow,291.8666667,2
GA,Ben Hill,437.5444444,4
GA,Berrien,465.0444444,4
GA,Bibb,570.0111111,4
GA,Bleckley,373.9444444,3
GA,Brantley,416.2111111,4
GA,Brooks,410.0888889,4
GA,Bryan,380.91,3
GA,Bulloch,393.7888889,3
GA,Burke,441.93,4
GA,Butts,372.12,3
GA,Calhoun,361.3,3
GA,Camden,392.2888889,3
GA,Candler,560.4333333,4
GA,Carroll,316.56,2
GA,Catoosa,347.3818182,2
GA,Charlton,301.5888889,2
GA,Chatham,289.3933333,2
GA,Chattahoochee,519.99,4
GA,Chattooga,527.5111111,4
GA,Cherokee,237.32,1
GA,Clarke,313.7333333,2
GA,Clay,408.4444444,3
GA,Clayton,299.2733333,2
GA,Clinch,554.1,4
GA,Cobb,222.02,1
GA,Coffee,436.1,4
GA,Colquitt,388.92,3
GA,Columbia,254.4,1
GA,Cook,445.6444444,4
GA,Coweta,298.54,2
GA,Crawford,469.8222222,4
GA,Crisp,416.5444444,4
GA,Dade,476.1375,4
GA,Dawson,251.8461538,1
GA,Decatur,391.2777778,3
GA,DeKalb,211.84,1
GA,Dodge,434.7111111,4
GA,Dooly,393.1888889,3
GA,Dougherty,348.6111111,2
GA,Douglas,287.12,2
GA,Early,412.0333333,4
GA,Echols,426.5222222,4
GA,Effingham,392.91,3
GA,Elbert,405.9,3
GA,Emanuel,488.5444444,4
GA,Evans,441.3222222,4
GA,Fannin,355.7333333,3
GA,Fayette,237.6533333,1
GA,Floyd,429.3636364,4
GA,Forsyth,219.2933333,1
GA,Franklin,415.0111111,4
GA,Fulton,247.7666667,1
GA,Gilmer,373.2833333,3
GA,Glascock,411.0625,4
GA,Glynn,379.61,3
GA,Gordon,360.225,3
GA,Grady,348.2,2
GA,Greene,338.6777778,2
GA,Gwinnett,216.9733333,1
GA,Habersham,304.63,2
GA,Hall,227.5266667,1
GA,Hancock,396.5333333,3
GA,Haralson,446.5666667,4
GA,Harris,360.57,3
GA,Hart,369.7666667,3
GA,Heard,453.4777778,4
GA,Henry,262.9266667,1
GA,Houston,318.5538462,2
GA,Irwin,452.6222222,4
GA,Jackson,343.7,2
GA,Jasper,398.8,3
GA,Jeff Davis,634.7888889,4
GA,Jefferson,452.7555556,4
GA,Jenkins,371.3777778,3
GA,Johnson,426.1777778,4
GA,Jones,365.1333333,3
GA,Lamar,432.3555556,4
GA,Lanier,411.6333333,4
GA,Laurens,471.7222222,4
GA,Lee,359.3777778,3
GA,Liberty,336.08,2
GA,Lincoln,375.3111111,3
GA,Long,408.4666667,3
GA,Lowndes,390.78,3
GA,Lumpkin,309.49,2
GA,Macon,433.0555556,4
GA,Madison,404.4333333,3
GA,Marion,450.9666667,4
GA,McDuffie,364.4545455,3
GA,McIntosh,263.1666667,1
GA,Meriwether,494.5333333,4
GA,Miller,392.0555556,3
GA,Mitchell,399.1777778,3
GA,Monroe,437.9,4
GA,Montgomery,524.5111111,4
GA,Morgan,443.9222222,4
GA,Murray,371.5,3
GA,Muscogee,393.7142857,3
GA,Newton,329.0083333,2
GA,Oconee,302.1111111,2
GA,Oglethorpe,344.8888889,2
GA,Paulding,262.92,1
GA,Peach,492.1777778,4
GA,Pickens,336.14,2
GA,Pierce,473.2777778,4
GA,Pike,390.9222222,3
GA,Polk,475.3,4
GA,Pulaski,396.1333333,3
GA,Putnam,362.2777778,3
GA,Quitman,431.9555556,4
GA,Rabun,333.27,2
GA,Randolph,353.9777778,3
GA,Richmond,368.5333333,3
GA,Rockdale,237.54,1
GA,Schley,402.0666667,3
GA,Screven,404.6,3
GA,Seminole,393,3
GA,Spalding,310.1142857,2
GA,Stephens,392.5555556,3
GA,Stewart,411.9888889,4
GA,Sumter,446.6666667,4
GA,Talbot,466.31,4
GA,Taliaferro,408.2666667,3
GA,Tattnall,459.16,4
GA,Taylor,428.3666667,4
GA,Telfair,405.2777778,3
GA,Terrell,367.8888889,3
GA,Thomas,327.85,2
GA,Tift,470.7888889,4
GA,Toombs,537.6666667,4
GA,Towns,293.9833333,2
GA,Treutlen,440.3888889,4
GA,Troup,466.9,4
GA,Turner,461.9444444,4
GA,Twiggs,526.9777778,4
GA,Union,305.5,2
GA,Upson,535.0666667,4
GA,Walker,451.1083333,4
GA,Walton,309.62,2
GA,Ware,468.9444444,4
GA,Warren,456.5,4
GA,Washington,445.1666667,4
GA,Wayne,468.3222222,4
GA,Webster,393.6666667,3
GA,Wheeler,374.4555556,3
GA,White,296.73,2
GA,Whitfield,267.4333333,1
GA,Wilcox,432.9,4
GA,Wilkes,449.9444444,4
GA,Wilkinson,563.5333333,4
GA,Worth,338.7888889,2
GU,Guam,565.8666667,4
HI,Hawaii,312.7133333,2
HI,Honolulu,324.6066667,2
HI,Kalawao,241.55,1
HI,Kauai,264.9266667,1
HI,Maui,272.7,1
IA,Adair,344.3666667,2
IA,Adams,424.35,4
IA,Allamakee,295.45,2
IA,Appanoose,407.5833333,3
IA,Audubon,327.3166667,2
IA,Benton,315.9714286,2
IA,Black Hawk,339.8777778,2
IA,Boone,320.1333333,2
IA,Bremer,319.3142857,2
IA,Buchanan,324,2
IA,Buena Vista,267.8571429,1
IA,Butler,366.25,3
IA,Calhoun,373.3166667,3
IA,Carroll,287.3333333,2
IA,Cass,423.3666667,4
IA,Cedar,289.85,2
IA,Cerro Gordo,328.8333333,2
IA,Cherokee,286.2666667,1
IA,Chickasaw,366.2333333,3
IA,Clarke,357.0666667,3
IA,Clay,272.3,1
IA,Clayton,302.3666667,2
IA,Clinton,369.3,3
IA,Crawford,296.0666667,2
IA,Dallas,300.9083333,2
IA,Davis,374.4333333,3
IA,Decatur,412.8,4
IA,Delaware,307.9,2
IA,Des Moines,361.2666667,3
IA,Dickinson,292.8666667,2
IA,Dubuque,312.1333333,2
IA,Emmet,283.4666667,1
IA,Fayette,352.4875,2
IA,Floyd,329.4333333,2
IA,Franklin,331.6833333,2
IA,Fremont,323.1666667,2
IA,Greene,384.7833333,3
IA,Grundy,314.5666667,2
IA,Guthrie,289.4,2
IA,Hamilton,284.8333333,1
IA,Hancock,327.45,2
IA,Hardin,335.8666667,2
IA,Harrison,319.2,2
IA,Henry,388.2428571,3
IA,Howard,332,2
IA,Humboldt,417.1,4
IA,Ida,288.3,2
IA,Iowa,309.4857143,2
IA,Jackson,352.7333333,2
IA,Jasper,305.0454545,2
IA,Jefferson,351.3166667,2
IA,Johnson,304.2,2
IA,Jones,309.8428571,2
IA,Keokuk,344.4666667,2
IA,Kossuth,330.1166667,2
IA,Lee,409.5166667,4
IA,Linn,281.28,1
IA,Louisa,314.1090909,2
IA,Lucas,386.4666667,3
IA,Lyon,285.3833333,1
IA,Madison,268.325,1
IA,Mahaska,319.1666667,2
IA,Marion,348.65,2
IA,Marshall,301.1714286,2
IA,Mills,250.9375,1
IA,Mitchell,328.7666667,2
IA,Monona,391.8285714,3
IA,Monroe,406.25,3
IA,Montgomery,398.55,3
IA,Muscatine,296.9916667,2
IA,O'Brien,291.7166667,2
IA,Osceola,285.65,1
IA,Page,333.5166667,2
IA,Palo Alto,300.9833333,2
IA,Plymouth,274.95,1
IA,Pocahontas,382.9833333,3
IA,Polk,295.9066667,2
IA,Pottawattamie,284.2166667,1
IA,Poweshiek,297.2833333,2
IA,Ringgold,388.3166667,3
IA,Sac,331.1833333,2
IA,Scott,272.4,1
IA,Shelby,316.8833333,2
IA,Sioux,254.25,1
IA,Story,269.45,1
IA,Tama,323.6142857,2
IA,Taylor,381.6,3
IA,Union,460.2666667,4
IA,Van Buren,397.6833333,3
IA,Wapello,410.2666667,4
IA,Warren,352.6,2
IA,Washington,331.8142857,2
IA,Wayne,392.3666667,3
IA,Webster,387,3
IA,Winnebago,314.4166667,2
IA,Winneshiek,295.0833333,2
IA,Woodbury,246.95,1
IA,Worth,300.7166667,2
IA,Wright,350.9833333,2
ID,Ada,230.5153846,1
ID,Adams,276.5666667,1
ID,Bannock,330.0428571,2
ID,Bear Lake,265.4666667,1
ID,Benewah,302.8181818,2
ID,Bingham,333.0888889,2
ID,Blaine,191.075,1
ID,Boise,245.8375,1
ID,Bonner,261.7571429,1
ID,Bonneville,281.1222222,1
ID,Boundary,308.6333333,2
ID,Butte,280.3,1
ID,Camas,256.1833333,1
ID,Canyon,290.6454545,2
ID,Caribou,299.75,2
ID,Cassia,268.3625,1
ID,Clark,310.3833333,2
ID,Clearwater,305.1,2
ID,Custer,308.9666667,2
ID,Elmore,254.45,1
ID,Franklin,274.9666667,1
ID,Fremont,350.3333333,2
ID,Gem,268.95,1
ID,Gooding,305.6142857,2
ID,Idaho,278.1142857,1
ID,Jefferson,306.0857143,2
ID,Jerome,324.8125,2
ID,Kootenai,267.7461538,1
ID,Latah,296.75,2
ID,Lemhi,235.6666667,1
ID,Lewis,310.6833333,2
ID,Lincoln,239.9428571,1
ID,Madison,371.7666667,3
ID,Minidoka,261.8428571,1
ID,Nez Perce,308.85,2
ID,Oneida,281.9625,1
ID,Owyhee,269.375,1
ID,Payette,312.3666667,2
ID,Power,322.3666667,2
ID,Shoshone,341.1285714,2
ID,Teton,279.75,1
ID,Twin Falls,275.8111111,1
ID,Valley,228.1833333,1
ID,Washington,330.1285714,2
IL,Adams,319.8857143,2
IL,Alexander,464.8666667,4
IL,Bond,390.2,3
IL,Boone,277.05,1
IL,Brown,297.4714286,2
IL,Bureau,327.0375,2
IL,Calhoun,338.8666667,2
IL,Carroll,349.0875,2
IL,Cass,391.8,3
IL,Champaign,277.1384615,1
IL,Christian,365.9571429,3
IL,Clark,457.5857143,4
IL,Clay,377.5333333,3
IL,Clinton,342.89,2
IL,Coles,398.2,3
IL,Cook,283.45,1
IL,Crawford,402.7333333,3
IL,Cumberland,363.1833333,3
IL,De Witt,362.925,3
IL,DeKalb,245.2785714,1
IL,Douglas,341.375,2
IL,DuPage,228.4705882,1
IL,Edgar,466.1,4
IL,Edwards,365.7833333,3
IL,Effingham,338.6333333,2
IL,Fayette,308.0857143,2
IL,Ford,329.78,2
IL,Franklin,332.5666667,2
IL,Fulton,323.9636364,2
IL,Gallatin,400.6666667,3
IL,Greene,387.0333333,3
IL,Grundy,273.6266667,1
IL,Hamilton,367.65,3
IL,Hancock,327.5714286,2
IL,Hardin,452.1,4
IL,Henderson,360.55,3
IL,Henry,347.5583333,2
IL,Iroquois,467.2888889,4
IL,Jackson,348.2777778,2
IL,Jasper,373.4,3
IL,Jefferson,368.9285714,3
IL,Jersey,336.7,2
IL,Jo Daviess,297.0857143,2
IL,Johnson,327.975,2
IL,Kane,238.0705882,1
IL,Kankakee,322.62,2
IL,Kendall,246.3,1
IL,Knox,399.3363636,3
IL,La Salle,284.7909091,1
IL,Lake,251.05625,1
IL,Lawrence,396.8166667,3
IL,Lee,323.9125,2
IL,Livingston,322.8454545,2
IL,Logan,337.7333333,2
IL,Macon,363.5555556,3
IL,Macoupin,392.3666667,3
IL,Madison,315.2733333,2
IL,Marion,444.9285714,4
IL,Marshall,319.5625,2
IL,Mason,357.0166667,3
IL,Massac,477.3777778,4
IL,McDonough,371.0833333,3
IL,McHenry,268.94375,1
IL,McLean,306.4666667,2
IL,Menard,300.7428571,2
IL,Mercer,338.2363636,2
IL,Monroe,268.9214286,1
IL,Montgomery,387.9222222,3
IL,Morgan,496.0777778,4
IL,Moultrie,360.5833333,3
IL,Ogle,280.1615385,1
IL,Peoria,306.3583333,2
IL,Perry,344.2,2
IL,Piatt,319.9375,2
IL,Pike,325.35,2
IL,Pope,366.4833333,3
IL,Pulaski,486.6,4
IL,Putnam,386.1,3
IL,Randolph,373.0333333,3
IL,Richland,392.5,3
IL,Rock Island,357.5916667,3
IL,Saline,373.8285714,3
IL,Sangamon,331.15,2
IL,Schuyler,359.4,3
IL,Scott,386.1166667,3
IL,Shelby,362.7714286,3
IL,St. Clair,288.7266667,2
IL,Stark,352.2666667,2
IL,Stephenson,291.2090909,2
IL,Tazewell,330.53,2
IL,Union,372.8888889,3
IL,Vermilion,461.6,4
IL,Wabash,365.4666667,3
IL,Warren,388.6,3
IL,Washington,367.7428571,3
IL,Wayne,381,3
IL,White,372.9333333,3
IL,Whiteside,330.7727273,2
IL,Will,265.2,1
IL,Williamson,328.5111111,2
IL,Winnebago,303.7333333,2
IL,Woodford,308.9272727,2
IN,Adams,313.5545455,2
IN,Allen,299.6133333,2
IN,Bartholomew,338.3,2
IN,Benton,453.7142857,4
IN,Blackford,386.2571429,3
IN,Boone,293.5133333,2
IN,Brown,327.3571429,2
IN,Carroll,364.05,3
IN,Cass,355.8222222,3
IN,Clark,319.5642857,2
IN,Clay,455.1,4
IN,Clinton,338.65,2
IN,Crawford,366,3
IN,Daviess,361.5833333,3
IN,Dearborn,316.8818182,2
IN,Decatur,382.8833333,3
IN,DeKalb,312.8166667,2
IN,Delaware,386.7555556,3
IN,Dubois,333.85,2
IN,Elkhart,320.5,2
IN,Fayette,377.325,3
IN,Floyd,322.6615385,2
IN,Fountain,375.3166667,3
IN,Franklin,338.4285714,2
IN,Fulton,387.6714286,3
IN,Gibson,346.6333333,2
IN,Grant,412.47,4
IN,Greene,382.8,3
IN,Hamilton,235.2066667,1
IN,Hancock,260.5,1
IN,Harrison,301.7785714,2
IN,Hendricks,263.0692308,1
IN,Henry,323.4555556,2
IN,Howard,422.87,4
IN,Huntington,324.2166667,2
IN,Jackson,368.0375,3
IN,Jasper,397.6454545,3
IN,Jay,394.8,3
IN,Jefferson,443,4
IN,Jennings,419.1166667,4
IN,Johnson,295.3357143,2
IN,Knox,382.4666667,3
IN,Kosciusko,342.7666667,2
IN,LaGrange,358.0666667,3
IN,Lake,299.25625,2
IN,LaPorte,381.4833333,3
IN,Lawrence,408.55,3
IN,Madison,341.15,2
IN,Marion,287.5933333,2
IN,Marshall,302.2333333,2
IN,Martin,372.8166667,3
IN,Miami,456.09,4
IN,Monroe,254.4,1
IN,Montgomery,360.3111111,3
IN,Morgan,301.7571429,2
IN,Newton,340.4454545,2
IN,Noble,302.4166667,2
IN,Ohio,333.1,2
IN,Orange,385.4166667,3
IN,Owen,381.95,3
IN,Parke,407.3222222,3
IN,Perry,361.6166667,3
IN,Pike,367.1166667,3
IN,Porter,306.5666667,2
IN,Posey,365.9777778,3
IN,Pulaski,437,4
IN,Putnam,377.1833333,3
IN,Randolph,383.775,3
IN,Ripley,398.4833333,3
IN,Rush,336.35,2
IN,Scott,405.8428571,3
IN,Shelby,313.6,2
IN,Spencer,328.3571429,2
IN,St. Joseph,298.3153846,2
IN,Starke,413.38,4
IN,Steuben,360.2666667,3
IN,Sullivan,562.8428571,4
IN,Switzerland,400.15,3
IN,Tippecanoe,333.4928571,2
IN,Tipton,303.78,2
IN,Union,351.0571429,2
IN,Vanderburgh,352.7666667,2
IN,Vermillion,493.9142857,4
IN,Vigo,480.0111111,4
IN,Wabash,353.05,3
IN,Warren,404.7666667,3
IN,Warrick,337.3666667,2
IN,Washington,419.9125,4
IN,Wayne,461.625,4
IN,Wells,308.6,2
IN,White,412.0571429,4
IN,Whitley,327.56,2
KS,Allen,376.7333333,3
KS,Anderson,369.95,3
KS,Atchison,347.77,2
KS,Barber,438.1333333,4
KS,Barton,322.15,2
KS,Bourbon,396.9666667,3
KS,Brown,327.2,2
KS,Butler,383.1933333,3
KS,Chase,335.1833333,2
KS,Chautauqua,415.2555556,4
KS,Cherokee,421.95,4
KS,Cheyenne,285.7666667,1
KS,Clark,380.4666667,3
KS,Clay,298.9333333,2
KS,Cloud,337.4833333,2
KS,Coffey,358.7333333,3
KS,Comanche,455.0666667,4
KS,Cowley,373.2857143,3
KS,Crawford,406.2,3
KS,Decatur,343.1333333,2
KS,Dickinson,324.5428571,2
KS,Doniphan,357.8285714,3
KS,Douglas,268.3571429,1
KS,Edwards,335.75,2
KS,Elk,377.75,3
KS,Ellis,284.6,1
KS,Ellsworth,349.0571429,2
KS,Finney,214.6888889,1
KS,Ford,268.7888889,1
KS,Franklin,280.7416667,1
KS,Geary,322.2714286,2
KS,Gove,329.1666667,2
KS,Graham,358.0666667,3
KS,Grant,252.7285714,1
KS,Gray,292.2428571,2
KS,Greeley,295.4166667,2
KS,Greenwood,350.1166667,2
KS,Hamilton,311.95,2
KS,Harper,335.7833333,2
KS,Harvey,359.5666667,3
KS,Haskell,255.1571429,1
KS,Hodgeman,267.0857143,1
KS,Jackson,358,3
KS,Jefferson,346.9333333,2
KS,Jewell,319.2833333,2
KS,Johnson,215.8933333,1
KS,Kearny,247.5,1
KS,Kingman,291.3666667,2
KS,Kiowa,366.4166667,3
KS,Labette,432.33,4
KS,Lane,244.7333333,1
KS,Leavenworth,254.7533333,1
KS,Lincoln,298.2333333,2
KS,Linn,387.0333333,3
KS,Logan,299.0666667,2
KS,Lyon,304.9,2
KS,Marion,311.8833333,2
KS,Marshall,288.4,2
KS,McPherson,288.475,2
KS,Meade,295.7714286,2
KS,Miami,314.6153846,2
KS,Mitchell,260.3,1
KS,Montgomery,458.0181818,4
KS,Morris,331.3833333,2
KS,Morton,414.5166667,4
KS,Nemaha,297.3,2
KS,Neosho,417.5428571,4
KS,Ness,271.6666667,1
KS,Norton,335.9166667,2
KS,Osage,336.86,2
KS,Osborne,445.15,4
KS,Ottawa,312.2166667,2
KS,Pawnee,323,2
KS,Phillips,343.0833333,2
KS,Pottawatomie,338.7545455,2
KS,Pratt,335.3333333,2
KS,Rawlins,331.2,2
KS,Reno,291.2230769,2
KS,Republic,346.8833333,2
KS,Rice,337.2142857,2
KS,Riley,286.0714286,1
KS,Rooks,290.9333333,2
KS,Rush,303.5833333,2
KS,Russell,309.65,2
KS,Saline,276.7428571,1
KS,Scott,241.0428571,1
KS,Sedgwick,336.9764706,2
KS,Seward,252.9444444,1
KS,Shawnee,333.7307692,2
KS,Sheridan,355.7,3
KS,Sherman,310.7833333,2
KS,Smith,357.4666667,3
KS,Stafford,292.7857143,2
KS,Stanton,323.5666667,2
KS,Stevens,308.0714286,2
KS,Sumner,343.6333333,2
KS,Thomas,317.9333333,2
KS,Trego,351.3666667,2
KS,Wabaunsee,284.2555556,1
KS,Wallace,270.8166667,1
KS,Washington,321.85,2
KS,Wichita,271.4666667,1
KS,Wilson,417.7833333,4
KS,Woodson,389.9166667,3
KS,Wyandotte,280.2117647,1
KY,Adair,494.5571429,4
KY,Allen,413.7111111,4
KY,Anderson,402.5222222,3
KY,Ballard,468.2555556,4
KY,Barren,430.6444444,4
KY,Bath,435.9571429,4
KY,Bell,548.4428571,4
KY,Boone,306.1545455,2
KY,Bourbon,381.5111111,3
KY,Boyd,449.6142857,4
KY,Boyle,366.7,3
KY,Bracken,447.3166667,4
KY,Breathitt,727.15,4
KY,Breckinridge,410.9,4
KY,Bullitt,302.925,2
KY,Butler,404.5833333,3
KY,Caldwell,502,4
KY,Calloway,446.9,4
KY,Campbell,340.87,2
KY,Carlisle,423.8,4
KY,Carroll,428.0666667,4
KY,Carter,437.9666667,4
KY,Casey,389.4285714,3
KY,Christian,403.5555556,3
KY,Clark,407.7111111,3
KY,Clay,516.9857143,4
KY,Clinton,515.2833333,4
KY,Crittenden,504.3333333,4
KY,Cumberland,531.4666667,4
KY,Daviess,370.0666667,3
KY,Edmonson,397.5142857,3
KY,Elliott,373.45,3
KY,Estill,487.6833333,4
KY,Fayette,243.18,1
KY,Fleming,471.6166667,4
KY,Floyd,530.1166667,4
KY,Franklin,372.3111111,3
KY,Fulton,496.3222222,4
KY,Gallatin,589.7166667,4
KY,Garrard,382.9,3
KY,Grant,449.6125,4
KY,Graves,438.8333333,4
KY,Grayson,373.5375,3
KY,Green,467.6571429,4
KY,Greenup,420.425,4
KY,Hancock,401.4875,3
KY,Hardin,292.6071429,2
KY,Harlan,501.2571429,4
KY,Harrison,479.2,4
KY,Hart,399.9,3
KY,Henderson,355.5333333,3
KY,Henry,340.0222222,2
KY,Hickman,460.3,4
KY,Hopkins,517.4666667,4
KY,Jackson,565.4833333,4
KY,Jefferson,281.98,1
KY,Jessamine,337.2666667,2
KY,Johnson,511.7833333,4
KY,Kenton,364.38,3
KY,Knott,546.4666667,4
KY,Knox,466.0333333,4
KY,Larue,365.9888889,3
KY,Laurel,438,4
KY,Lawrence,483.2166667,4
KY,Lee,676.6166667,4
KY,Leslie,585.4333333,4
KY,Letcher,528.3833333,4
KY,Lewis,447.1666667,4
KY,Lincoln,407.3857143,3
KY,Livingston,491.55,4
KY,Logan,410.1111111,4
KY,Lyon,501.6166667,4
KY,Madison,387.8111111,3
KY,Magoffin,469.1,4
KY,Marion,381.4555556,3
KY,Marshall,464.1375,4
KY,Martin,428.6,4
KY,Mason,473.1666667,4
KY,McCracken,425.9555556,4
KY,McCreary,484.85,4
KY,McLean,417.0142857,4
KY,Meade,365.5,3
KY,Menifee,543.25,4
KY,Mercer,395.1111111,3
KY,Metcalfe,468.65,4
KY,Monroe,582.1714286,4
KY,Montgomery,467.2777778,4
KY,Morgan,429.6166667,4
KY,Muhlenberg,458.9888889,4
KY,Nelson,347.8444444,2
KY,Nicholas,464.4666667,4
KY,Ohio,436,4
KY,Oldham,275.8538462,1
KY,Owen,449.0125,4
KY,Owsley,650.6666667,4
KY,Pendleton,409.1,4
KY,Perry,662.05,4
KY,Pike,503.7333333,4
KY,Powell,512.9,4
KY,Pulaski,462.3166667,4
KY,Robertson,505.1333333,4
KY,Rockcastle,399.9166667,3
KY,Rowan,402.85,3
KY,Russell,455.25,4
KY,Scott,402.0333333,3
KY,Shelby,301.325,2
KY,Simpson,460.4666667,4
KY,Spencer,308.9,2
KY,Taylor,452.0625,4
KY,Todd,421.1,4
KY,Trigg,357.3888889,3
KY,Trimble,448.7666667,4
KY,Union,405.225,3
KY,Warren,359.5,3
KY,Washington,398.3666667,3
KY,Wayne,442.4666667,4
KY,Webster,474.3555556,4
KY,Whitley,562,4
KY,Wolfe,719.1,4
KY,Woodford,364.1777778,3
LA,Acadia Parish,479.58,4
LA,Allen Parish,487.8777778,4
LA,Ascension Parish,393.1727273,3
LA,Assumption Parish,373.6583333,3
LA,Avoyelles Parish,522.5555556,4
LA,Beauregard Parish,597.7777778,4
LA,Bienville Parish,495.9111111,4
LA,Bossier Parish,388.42,3
LA,Caddo Parish,290.9090909,2
LA,Calcasieu Parish,539.32,4
LA,Caldwell Parish,756.3222222,4
LA,Cameron Parish,524.67,4
LA,Catahoula Parish,757.8444444,4
LA,Claiborne Parish,535.5222222,4
LA,Concordia Parish,580.9777778,4
LA,De Soto Parish,401.8777778,3
LA,East Baton Rouge Parish,321.74,2
LA,East Carroll Parish,560.6111111,4
LA,East Feliciana Parish,472.4636364,4
LA,Evangeline Parish,482.2888889,4
LA,Franklin Parish,1134.111111,4
LA,Grant Parish,466.2888889,4
LA,Iberia Parish,481.15,4
LA,Iberville Parish,391.2454545,3
LA,Jackson Parish,455.4666667,4
LA,Jefferson Davis Parish,546.5555556,4
LA,Jefferson Parish,298.48,2
LA,La Salle Parish,397.8666667,3
LA,Lafayette Parish,348.7076923,2
LA,Lafourche Parish,335.03125,2
LA,Lincoln Parish,276.6555556,1
LA,Livingston Parish,389.5166667,3
LA,Madison Parish,654.7333333,4
LA,Morehouse Parish,458.3555556,4
LA,Natchitoches Parish,454.8222222,4
LA,Orleans Parish,295.5733333,2
LA,Ouachita Parish,364.0555556,3
LA,Plaquemines Parish,303.3466667,2
LA,Pointe Coupee Parish,534.3888889,4
LA,Rapides Parish,534.1555556,4
LA,Red River Parish,398.5,3
LA,Richland Parish,594.6111111,4
LA,Sabine Parish,445.2222222,4
LA,St. Bernard Parish,340.0769231,2
LA,St. Charles Parish,327.9,2
LA,St. Helena Parish,404.09,3
LA,St. James Parish,375.37,3
LA,St. John the Baptist Parish,407.0818182,3
LA,St. Landry Parish,558.47,4
LA,St. Martin Parish,430.59,4
LA,St. Mary Parish,384.7916667,3
LA,St. Tammany Parish,279.9384615,1
LA,Tangipahoa Parish,407.8818182,3
LA,Tensas Parish,703.0777778,4
LA,Terrebonne Parish,390.2583333,3
LA,Union Parish,493.3222222,4
LA,Vermilion Parish,533.17,4
LA,Vernon Parish,572.8111111,4
LA,Washington Parish,465.2636364,4
LA,Webster Parish,487.4333333,4
LA,West Baton Rouge Parish,379.1909091,3
LA,West Carroll Parish,588.9666667,4
LA,West Feliciana Parish,413.9333333,4
LA,Winn Parish,547.3333333,4
MA,Barnstable,266.2454545,1
MA,Berkshire,258.16,1
MA,Bristol,243.55,1
MA,Dukes,291.925,2
MA,Essex,210.1066667,1
MA,Franklin,295.0357143,2
MA,Hampden,258.4466667,1
MA,Hampshire,246.6866667,1
MA,Middlesex,192.8,1
MA,Nantucket,273.9875,1
MA,Norfolk,195.7722222,1
MA,Plymouth,222.1866667,1
MA,Suffolk,203.04,1
MA,Worcester,229.1125,1
MD,Allegany,423.5222222,4
MD,Anne Arundel,257.675,1
MD,Baltimore,264.3125,1
MD,Baltimore City,352.8066667,2
MD,Calvert,279.4466667,1
MD,Caroline,357.81,3
MD,Carroll,254.3933333,1
MD,Cecil,285.5933333,1
MD,Charles,251.64,1
MD,Dorchester,419.1222222,4
MD,Frederick,256.7533333,1
MD,Garrett,414.7444444,4
MD,Harford,278.38,1
MD,Howard,193.25,1
MD,Kent,258.5333333,1
MD,Montgomery,182.2266667,1
MD,Prince George's,266.4,1
MD,Queen Anne's,333.45,2
MD,Somerset,532.3777778,4
MD,St. Mary's,286.9909091,1
MD,Talbot,352.5333333,2
MD,Washington,308.52,2
MD,Wicomico,478.7666667,4
MD,Worcester,409.7,4
ME,Androscoggin,332.7333333,2
ME,Aroostook,344.6857143,2
ME,Cumberland,184.87,1
ME,Franklin,345.0833333,2
ME,Hancock,322.9833333,2
ME,Kennebec,331.6166667,2
ME,Knox,297.6,2
ME,Lincoln,303.5166667,2
ME,Oxford,283.7666667,1
ME,Penobscot,329.8285714,2
ME,Piscataquis,360.3166667,3
ME,Sagadahoc,292.4833333,2
ME,Somerset,376.9,3
ME,Waldo,333.95,2
ME,Washington,324.0166667,2
ME,York,266.1333333,1
MI,Alcona,472.0833333,4
MI,Alger,344,2
MI,Allegan,308.9866667,2
MI,Alpena,424.2166667,4
MI,Antrim,331.7833333,2
MI,Arenac,509.9428571,4
MI,Baraga,372.5833333,3
MI,Barry,335.2333333,2
MI,Bay,462.35,4
MI,Benzie,293.8833333,2
MI,Berrien,433.1333333,4
MI,Branch,367.9636364,3
MI,Calhoun,370.1307692,3
MI,Cass,294.5714286,2
MI,Charlevoix,340.5,2
MI,Cheboygan,343.8666667,2
MI,Chippewa,389.8625,3
MI,Clare,502.9571429,4
MI,Clinton,288.1923077,2
MI,Crawford,368.9333333,3
MI,Delta,354.3,3
MI,Dickinson,363.8333333,3
MI,Eaton,339.7785714,2
MI,Emmet,340,2
MI,Genesee,370.6,3
MI,Gladwin,361.975,3
MI,Gogebic,408.9285714,3
MI,Grand Traverse,289.4166667,2
MI,Gratiot,378.5583333,3
MI,Hillsdale,374.575,3
MI,Houghton,397.5666667,3
MI,Huron,449.2,4
MI,Ingham,307.7,2
MI,Ionia,374.9285714,3
MI,Iosco,487.05,4
MI,Iron,394.7857143,3
MI,Isabella,417.2,4
MI,Jackson,344.0411765,2
MI,Kalamazoo,328.6428571,2
MI,Kalkaska,406.5333333,3
MI,Kent,323.9125,2
MI,Keweenaw,387.2166667,3
MI,Lake,436.7285714,4
MI,Lapeer,387.1222222,3
MI,Leelanau,228.35,1
MI,Lenawee,370.6266667,3
MI,Livingston,326.1470588,2
MI,Luce,379.4875,3
MI,Mackinac,386.9375,3
MI,Macomb,368.8611111,3
MI,Manistee,310.8333333,2
MI,Marquette,371.8571429,3
MI,Mason,330.5833333,2
MI,Mecosta,441.5857143,4
MI,Menominee,404.0285714,3
MI,Midland,325.7,2
MI,Missaukee,371.5333333,3
MI,Monroe,419,4
MI,Montcalm,401.6533333,3
MI,Montmorency,414.7166667,4
MI,Muskegon,321.4142857,2
MI,Newaygo,398.7333333,3
MI,Oakland,331.1111111,2
MI,Oceana,373.16,3
MI,Ogemaw,488.8833333,4
MI,Ontonagon,394.6166667,3
MI,Osceola,415.6,4
MI,Oscoda,462.1333333,4
MI,Otsego,361.6666667,3
MI,Ottawa,280.6933333,1
MI,Presque Isle,349.3333333,2
MI,Roscommon,483.4833333,4
MI,Saginaw,354.1916667,3
MI,Sanilac,469.8625,4
MI,Schoolcraft,330.2285714,2
MI,Shiawassee,364.6285714,3
MI,St. Clair,361.15,3
MI,St. Joseph,368.3461538,3
MI,Tuscola,422.6384615,4
MI,Van Buren,488.4416667,4
MI,Washtenaw,291.0777778,2
MI,Wayne,397.65,3
MI,Wexford,380.4333333,3
MN,Aitkin,295.5111111,2
MN,Anoka,186.3277778,1
MN,Becker,382.4625,3
MN,Beltrami,298.5444444,2
MN,Benton,238.8,1
MN,Big Stone,298.8833333,2
MN,Blue Earth,235.4333333,1
MN,Brown,248.4,1
MN,Carlton,335.6571429,2
MN,Carver,217.1352941,1
MN,Cass,281.8777778,1
MN,Chippewa,249.3333333,1
MN,Chisago,223.2222222,1
MN,Clay,249.9142857,1
MN,Clearwater,415.7666667,4
MN,Cook,225.1333333,1
MN,Cottonwood,273.8,1
MN,Crow Wing,256,1
MN,Dakota,210.5944444,1
MN,Dodge,272.7714286,1
MN,Douglas,248.45,1
MN,Faribault,297,2
MN,Fillmore,271.2333333,1
MN,Freeborn,285.85,1
MN,Goodhue,224.6363636,1
MN,Grant,289.5666667,2
MN,Hennepin,218.8333333,1
MN,Houston,277.0833333,1
MN,Hubbard,288.9222222,2
MN,Isanti,225.4,1
MN,Itasca,320.0222222,2
MN,Jackson,284.85,1
MN,Kanabec,264.9666667,1
MN,Kandiyohi,234.8333333,1
MN,Kittson,291.9,2
MN,Koochiching,270.1333333,1
MN,Lac qui Parle,274.05,1
MN,Lake,253.0333333,1
MN,Lake of the Woods,270.5,1
MN,Le Sueur,261.05,1
MN,Lincoln,260.35,1
MN,Lyon,252.2166667,1
MN,Mahnomen,464.2,4
MN,Marshall,280,1
MN,Martin,309.7833333,2
MN,McLeod,249.75,1
MN,Meeker,228.5833333,1
MN,Mille Lacs,247.8166667,1
MN,Morrison,250.6571429,1
MN,Mower,262.1333333,1
MN,Murray,274.1333333,1
MN,Nicollet,245.8333333,1
MN,Nobles,239.9,1
MN,Norman,293.9142857,2
MN,Olmsted,212.2727273,1
MN,Otter Tail,319.3714286,2
MN,Pennington,306.8666667,2
MN,Pine,261.5,1
MN,Pipestone,349.7857143,2
MN,Polk,309.5428571,2
MN,Pope,248.3166667,1
MN,Ramsey,233.2111111,1
MN,Red Lake,277.7166667,1
MN,Redwood,264.4166667,1
MN,Renville,249.05,1
MN,Rice,179.3333333,1
MN,Rock,290.6833333,2
MN,Roseau,272.8142857,1
MN,Scott,204.8166667,1
MN,Sherburne,198.2058824,1
MN,Sibley,254.5166667,1
MN,St. Louis,247.475,1
MN,Stearns,202.6857143,1
MN,Steele,234.9166667,1
MN,Stevens,271.4166667,1
MN,Swift,256.0666667,1
MN,Todd,279.3857143,1
MN,Traverse,309.4666667,2
MN,Wabasha,282.7333333,1
MN,Wadena,357.1285714,3
MN,Waseca,225.9166667,1
MN,Washington,170.46875,1
MN,Watonwan,272.35,1
MN,Wilkin,301.4,2
MN,Winona,253.9285714,1
MN,Wright,212.6058824,1
MN,Yellow Medicine,259.05,1
MO,Adair,378.75,3
MO,Andrew,342.2833333,2
MO,Atchison,320.9,2
MO,Audrain,405.1777778,3
MO,Barry,385.82,3
MO,Barton,448.45,4
MO,Bates,439.6833333,4
MO,Benton,408.7333333,3
MO,Bollinger,452.2,4
MO,Boone,273.05,1
MO,Buchanan,334.81,2
MO,Butler,488.0714286,4
MO,Caldwell,388.7,3
MO,Callaway,353.0666667,3
MO,Camden,390.7,3
MO,Cape Girardeau,407.8222222,3
MO,Carroll,480.3,4
MO,Carter,469.0666667,4
MO,Cass,255.28125,1
MO,Cedar,469.7833333,4
MO,Chariton,430.3,4
MO,Christian,341.87,2
MO,Clark,454.6666667,4
MO,Clay,265.6428571,1
MO,Clinton,337.62,2
MO,Cole,361.8333333,3
MO,Cooper,534.2222222,4
MO,Crawford,565.0166667,4
MO,Dade,372.5142857,3
MO,Dallas,367.3125,3
MO,Daviess,368.2666667,3
MO,DeKalb,348.9666667,2
MO,Dent,443.5666667,4
MO,Douglas,379.7166667,3
MO,Dunklin,529.6888889,4
MO,Franklin,322.95,2
MO,Gasconade,360.7142857,3
MO,Gentry,356.8666667,3
MO,Greene,383.88,3
MO,Grundy,421.55,4
MO,Harrison,470.7166667,4
MO,Henry,480.7142857,4
MO,Hickory,361.1833333,3
MO,Holt,330.6666667,2
MO,Howard,427.8777778,4
MO,Howell,413.7833333,4
MO,Iron,597.8833333,4
MO,Jackson,299.5529412,2
MO,Jasper,436.9142857,4
MO,Jefferson,327.8571429,2
MO,Johnson,366.3461538,3
MO,Knox,411.1666667,4
MO,Laclede,407.7166667,3
MO,Lafayette,354.6307692,3
MO,Lawrence,398.95,3
MO,Lewis,506.0428571,4
MO,Lincoln,364.2666667,3
MO,Linn,474.9,4
MO,Livingston,402.35,3
MO,Macon,392.3166667,3
MO,Madison,480.0666667,4
MO,Maries,433.5333333,4
MO,Marion,465.2142857,4
MO,McDonald,460.8272727,4
MO,Mercer,407.15,3
MO,Miller,380.9875,3
MO,Mississippi,511.8777778,4
MO,Moniteau,398.5,3
MO,Monroe,475.4,4
MO,Montgomery,451.7875,4
MO,Morgan,449.5428571,4
MO,New Madrid,480.6555556,4
MO,Newton,413.18,4
MO,Nodaway,342.6,2
MO,Oregon,492.8333333,4
MO,Osage,359.8428571,3
MO,Ozark,404.3333333,3
MO,Pemiscot,643.9888889,4
MO,Perry,383.2,3
MO,Pettis,438.5,4
MO,Phelps,437.5333333,4
MO,Pike,406.7,3
MO,Platte,257.4666667,1
MO,Polk,437.15,4
MO,Pulaski,414.3,4
MO,Putnam,392.85,3
MO,Ralls,384.2625,3
MO,Randolph,410.4222222,4
MO,Ray,315.2636364,2
MO,Reynolds,449.8666667,4
MO,Ripley,495.2666667,4
MO,Saline,436.3777778,4
MO,Schuyler,360,3
MO,Scotland,369.9666667,3
MO,Scott,437.9555556,4
MO,Shannon,444.75,4
MO,Shelby,447.9,4
MO,St. Charles,275.36,1
MO,St. Clair,516.6833333,4
MO,St. Francois,426.2714286,4
MO,St. Louis,291.0133333,2
MO,St. Louis City,339.0866667,2
MO,Ste. Genevieve,374.1,3
MO,Stoddard,461.4888889,4
MO,Stone,436.3833333,4
MO,Sullivan,430.6833333,4
MO,Taney,496.9666667,4
MO,Texas,430.45,4
MO,Vernon,472.95,4
MO,Warren,349.7111111,2
MO,Washington,756.6857143,4
MO,Wayne,434.3428571,4
MO,Webster,344.7142857,2
MO,Worth,378.3333333,3
MO,Wright,478.7,4
MP,Mariana Islands,382.5,3
MS,Adams,430.3777778,4
MS,Alcorn,584.2,4
MS,Amite,492.5666667,4
MS,Attala,446.4111111,4
MS,Benton,492.7777778,4
MS,Bolivar,519.2,4
MS,Calhoun,499.6555556,4
MS,Carroll,486.5111111,4
MS,Chickasaw,500.0555556,4
MS,Choctaw,452.1333333,4
MS,Claiborne,558.5777778,4
MS,Clarke,575.0777778,4
MS,Clay,481.2666667,4
MS,Coahoma,492.4333333,4
MS,Copiah,520.9777778,4
MS,Covington,502.0222222,4
MS,DeSoto,301.1083333,2
MS,Forrest,482.4888889,4
MS,Franklin,538.3222222,4
MS,George,489.94,4
MS,Greene,526.5777778,4
MS,Grenada,571.3222222,4
MS,Hancock,357.6636364,3
MS,Harrison,390.3642857,3
MS,Hinds,448.3333333,4
MS,Holmes,464.8555556,4
MS,Humphreys,562.1888889,4
MS,Issaquena,441.0222222,4
MS,Itawamba,461.7777778,4
MS,Jackson,382.4923077,3
MS,Jasper,501.4888889,4
MS,Jefferson,574.3111111,4
MS,Jefferson Davis,482.8444444,4
MS,Jones,505.9555556,4
MS,Kemper,543.9833333,4
MS,Lafayette,450.9222222,4
MS,Lamar,441.9222222,4
MS,Lauderdale,608.4090909,4
MS,Lawrence,503.3333333,4
MS,Leake,384.8916667,3
MS,Lee,414.1777778,4
MS,Leflore,633.0111111,4
MS,Lincoln,516.7888889,4
MS,Lowndes,368.0111111,3
MS,Madison,379.6222222,3
MS,Marion,442.2333333,4
MS,Marshall,299.9416667,2
MS,Monroe,472.1555556,4
MS,Montgomery,490.5,4
MS,Neshoba,752.6545455,4
MS,Newton,534.0416667,4
MS,Noxubee,473.6111111,4
MS,Oktibbeha,364.2333333,3
MS,Panola,658.5222222,4
MS,Pearl River,371.3666667,3
MS,Perry,505.5666667,4
MS,Pike,431.7111111,4
MS,Pontotoc,381.9,3
MS,Prentiss,418.6222222,4
MS,Quitman,574.6,4
MS,Rankin,377.3222222,3
MS,Scott,509.1222222,4
MS,Sharkey,442.5888889,4
MS,Simpson,440.9666667,4
MS,Smith,531.0666667,4
MS,Stone,425.4,4
MS,Sunflower,544.2,4
MS,Tallahatchie,450.5222222,4
MS,Tate,612.8777778,4
MS,Tippah,557.8777778,4
MS,Tishomingo,560.4111111,4
MS,Tunica,634.6444444,4
MS,Union,525.5666667,4
MS,Walthall,491.0111111,4
MS,Warren,543.0222222,4
MS,Washington,408.9444444,3
MS,Wayne,541.0333333,4
MS,Webster,577.2888889,4
MS,Wilkinson,523.4555556,4
MS,Winston,493.3,4
MS,Yalobusha,538.5888889,4
MS,Yazoo,417.7888889,4
MT,Beaverhead,300.15,2
MT,Big Horn,321.2,2
MT,Blaine,444.025,4
MT,Broadwater,258.5166667,1
MT,Carbon,301.85,2
MT,Carter,313.1833333,2
MT,Cascade,284.4,1
MT,Chouteau,387.225,3
MT,Custer,307.0166667,2
MT,Daniels,341.9,2
MT,Dawson,208.1,1
MT,Deer Lodge,362.25,3
MT,Fallon,288.8666667,2
MT,Fergus,308.1666667,2
MT,Flathead,284.3222222,1
MT,Gallatin,250.7166667,1
MT,Garfield,324.8333333,2
MT,Glacier,325.7444444,2
MT,Golden Valley,298.7833333,2
MT,Granite,275.7333333,1
MT,Hill,429.6125,4
MT,Jefferson,297.2166667,2
MT,Judith Basin,286.7333333,1
MT,Lake,410.4444444,4
MT,Lewis and Clark,268.5142857,1
MT,Liberty,304.8666667,2
MT,Lincoln,356.3833333,3
MT,Madison,268.5333333,1
MT,McCone,382,3
MT,Meagher,262.85,1
MT,Mineral,317.8666667,2
MT,Missoula,300.7777778,2
MT,Musselshell,299.4142857,2
MT,Park,245.1333333,1
MT,Petroleum,301.1333333,2
MT,Phillips,296.5,2
MT,Pondera,355.4875,3
MT,Powder River,326.2666667,2
MT,Powell,313.25,2
MT,Prairie,249.5666667,1
MT,Ravalli,260.9333333,1
MT,Richland,448.4111111,4
MT,Roosevelt,531.7666667,4
MT,Rosebud,363.4666667,3
MT,Sanders,402.2444444,3
MT,Sheridan,374.1333333,3
MT,Silver Bow,395.0833333,3
MT,Stillwater,306.2166667,2
MT,Sweet Grass,295.7166667,2
MT,Teton,298.8875,2
MT,Toole,336.4375,2
MT,Treasure,293.85,2
MT,Valley,466.6,4
MT,Wheatland,298.4,2
MT,Wibaux,265.1333333,1
MT,Yellowstone,295.24,2
NC,Alamance,232.5571429,1
NC,Alexander,294.08,2
NC,Alleghany,369.575,3
NC,Anson,459.5222222,4
NC,Ashe,349.1125,2
NC,Avery,348.6857143,2
NC,Beaufort,360.5444444,3
NC,Bertie,346.9,2
NC,Bladen,394.58125,3
NC,Brunswick,291.3181818,2
NC,Buncombe,268.1769231,1
NC,Burke,337.06,2
NC,Cabarrus,262.1333333,1
NC,Caldwell,362.86,3
NC,Camden,445.6111111,4
NC,Carteret,334.5333333,2
NC,Caswell,320.2111111,2
NC,Catawba,286.9692308,1
NC,Chatham,173.9066667,1
NC,Cherokee,372.05,3
NC,Chowan,339.1333333,2
NC,Clay,293.9833333,2
NC,Cleveland,359.8666667,3
NC,Columbus,477.9857143,4
NC,Craven,321.27,2
NC,Cumberland,312.3555556,2
NC,Currituck,281.0307692,1
NC,Dare,324.0142857,2
NC,Davidson,276.12,1
NC,Davie,272.6166667,1
NC,Duplin,306.4416667,2
NC,Durham,220.2066667,1
NC,Edgecombe,337.64,2
NC,Forsyth,237.24,1
NC,Franklin,245.8875,1
NC,Gaston,277.94,1
NC,Gates,348.5555556,2
NC,Graham,391.5142857,3
NC,Granville,237.2466667,1
NC,Greene,339.22,2
NC,Guilford,229.76,1
NC,Halifax,350.8,2
NC,Harnett,289.7588235,2
NC,Haywood,339.8769231,2
NC,Henderson,249.4692308,1
NC,Hertford,318.7555556,2
NC,Hoke,311.9705882,2
NC,Hyde,355.9333333,3
NC,Iredell,238.32,1
NC,Jackson,345.475,2
NC,Johnston,253.09375,1
NC,Jones,331.19,2
NC,Lee,290.45,2
NC,Lenoir,347.61,2
NC,Lincoln,264.74,1
NC,Macon,367.45,3
NC,Madison,350.89,2
NC,Martin,362.0666667,3
NC,McDowell,409.9444444,4
NC,Mecklenburg,226.85625,1
NC,Mitchell,380.1714286,3
NC,Montgomery,325.04,2
NC,Moore,247.8352941,1
NC,Nash,284.5125,1
NC,New Hanover,262.9153846,1
NC,Northampton,331.2111111,2
NC,Onslow,271.9538462,1
NC,Orange,201.5266667,1
NC,Pamlico,360.3111111,3
NC,Pasquotank,485.8444444,4
NC,Pender,275.4615385,1
NC,Perquimans,382.8444444,3
NC,Person,278.4636364,1
NC,Pitt,279.6416667,1
NC,Polk,290.325,2
NC,Randolph,281.8428571,1
NC,Richmond,446.2083333,4
NC,Robeson,354.5470588,3
NC,Rockingham,285.7615385,1
NC,Rowan,287.1692308,2
NC,Rutherford,374.6636364,3
NC,Sampson,314.15625,2
NC,Scotland,399.6,3
NC,Stanly,368,3
NC,Stokes,280.0583333,1
NC,Surry,320.02,2
NC,Swain,367.91,3
NC,Transylvania,252.1,1
NC,Tyrrell,364.5222222,3
NC,Union,249.88,1
NC,Vance,367.8666667,3
NC,Wake,200.8866667,1
NC,Warren,366.19,3
NC,Washington,372.5111111,3
NC,Watauga,289.7875,2
NC,Wayne,285.7416667,1
NC,Wilkes,352.7111111,2
NC,Wilson,299.0545455,2
NC,Yadkin,291.7363636,2
NC,Yancey,339.7111111,2
ND,Adams,267.2,1
ND,Barnes,246.5333333,1
ND,Benson,409.3142857,4
ND,Billings,271.6833333,1
ND,Bottineau,373.3444444,3
ND,Bowman,341.6333333,2
ND,Burke,299.4166667,2
ND,Burleigh,222.5833333,1
ND,Cass,225.9125,1
ND,Cavalier,228.9,1
ND,Dickey,290.1333333,2
ND,Divide,326.7333333,2
ND,Dunn,323.3142857,2
ND,Eddy,400.5333333,3
ND,Emmons,298.4833333,2
ND,Foster,360.4166667,3
ND,Golden Valley,274.1666667,1
ND,Grand Forks,293.4166667,2
ND,Grant,274.1166667,1
ND,Griggs,328.05,2
ND,Hettinger,288.5166667,2
ND,Kidder,244.2333333,1
ND,LaMoure,288.4666667,2
ND,Logan,296.7166667,2
ND,McHenry,256.5166667,1
ND,McIntosh,328.7833333,2
ND,McKenzie,447.9888889,4
ND,McLean,271.2571429,1
ND,Mercer,269.5666667,1
ND,Morton,360.3625,3
ND,Mountrail,340.3142857,2
ND,Nelson,327.9,2
ND,Oliver,226.5833333,1
ND,Pembina,283.2166667,1
ND,Pierce,394.7625,3
ND,Ramsey,406.1571429,3
ND,Ransom,264.5666667,1
ND,Renville,257.05,1
ND,Richland,264.5571429,1
ND,Rolette,407.7444444,3
ND,Sargent,291.25,2
ND,Sheridan,236.75,1
ND,Sioux,618.4125,4
ND,Slope,280.5,1
ND,Stark,272.8833333,1
ND,Steele,264.6333333,1
ND,Stutsman,289.2333333,2
ND,Towner,344.2428571,2
ND,Traill,267.3166667,1
ND,Walsh,310.35,2
ND,Ward,249.5166667,1
ND,Wells,318.4,2
ND,Williams,432.2111111,4
NE,Adams,343.5142857,2
NE,Antelope,343.3666667,2
NE,Arthur,548.1666667,4
NE,Banner,319.2166667,2
NE,Blaine,292.6833333,2
NE,Boone,301.7833333,2
NE,Box Butte,303.2714286,2
NE,Boyd,415.4333333,4
NE,Brown,407.2166667,3
NE,Buffalo,275.0285714,1
NE,Burt,320.35,2
NE,Butler,251.4857143,1
NE,Cass,287.7666667,2
NE,Cedar,300.5333333,2
NE,Chase,297.1,2
NE,Cherry,313.3333333,2
NE,Cheyenne,320.8833333,2
NE,Clay,322.7833333,2
NE,Colfax,277.3333333,1
NE,Cuming,287.5666667,2
NE,Custer,277.3,1
NE,Dakota,286.7,1
NE,Dawes,346.3625,2
NE,Dawson,257.1285714,1
NE,Deuel,312.7166667,2
NE,Dixon,332.1333333,2
NE,Dodge,269.8,1
NE,Douglas,229.7666667,1
NE,Dundy,305.6166667,2
NE,Fillmore,314.1,2
NE,Franklin,359.5833333,3
NE,Frontier,277.9833333,1
NE,Furnas,322.2,2
NE,Gage,275.6875,1
NE,Garden,311.6833333,2
NE,Garfield,307.45,2
NE,Gosper,267.7666667,1
NE,Grant,308.1333333,2
NE,Greeley,278.7666667,1
NE,Hall,273.6666667,1
NE,Hamilton,293.1833333,2
NE,Harlan,340.7833333,2
NE,Hayes,295.2833333,2
NE,Hitchcock,314.85,2
NE,Holt,335.55,2
NE,Hooker,526.75,4
NE,Howard,285.3666667,1
NE,Jefferson,339.1166667,2
NE,Johnson,261.475,1
NE,Kearney,324.3333333,2
NE,Keith,302.7666667,2
NE,Keya Paha,311.8833333,2
NE,Kimball,253.7222222,1
NE,Knox,337.8571429,2
NE,Lancaster,225.72,1
NE,Lincoln,279.05,1
NE,Logan,283.6,1
NE,Loup,354.5333333,3
NE,Madison,342.5833333,2
NE,McPherson,298.4,2
NE,Merrick,281.6,1
NE,Morrill,297.0285714,2
NE,Nance,285.3666667,1
NE,Nemaha,292.45,2
NE,Nuckolls,361.3,3
NE,Otoe,263.925,1
NE,Pawnee,294.9333333,2
NE,Perkins,301.0333333,2
NE,Phelps,285.1666667,1
NE,Pierce,295.8,2
NE,Platte,292.9714286,2
NE,Polk,286.2833333,1
NE,Red Willow,326.1166667,2
NE,Richardson,295.8,2
NE,Rock,412.9166667,4
NE,Saline,306.7875,2
NE,Sarpy,250.4769231,1
NE,Saunders,223.0545455,1
NE,Scotts Bluff,295.7428571,2
NE,Seward,262.4428571,1
NE,Sheridan,345.5,2
NE,Sherman,289.6666667,2
NE,Sioux,311.2833333,2
NE,Stanton,297.3666667,2
NE,Thayer,355.8166667,3
NE,Thomas,219.7166667,1
NE,Thurston,364.0571429,3
NE,Valley,283.0666667,1
NE,Washington,278.78,1
NE,Wayne,321.3166667,2
NE,Webster,368.15,3
NE,Wheeler,297.7666667,2
NE,York,307.5,2
NH,Belknap,318.0833333,2
NH,Carroll,271.5333333,1
NH,Cheshire,221.9733333,1
NH,Coos,329.7166667,2
NH,Grafton,285.7833333,1
NH,Hillsborough,206.2733333,1
NH,Merrimack,267.81,1
NH,Rockingham,205.7533333,1
NH,Strafford,275.4,1
NH,Sullivan,257.8375,1
NJ,Atlantic,353.0933333,3
NJ,Bergen,241.58,1
NJ,Burlington,276.9533333,1
NJ,Camden,310.0866667,2
NJ,Cape May,372.5857143,3
NJ,Cumberland,335.06,2
NJ,Essex,285.88,1
NJ,Gloucester,279.65,1
NJ,Hudson,304.0266667,2
NJ,Hunterdon,225.62,1
NJ,Mercer,270.5133333,1
NJ,Middlesex,260.3466667,1
NJ,Monmouth,276.0933333,1
NJ,Morris,248.8933333,1
NJ,Ocean,326.0266667,2
NJ,Passaic,283.0666667,1
NJ,Salem,343.1266667,2
NJ,Somerset,231.2133333,1
NJ,Sussex,271.5933333,1
NJ,Union,269.5466667,1
NJ,Warren,251.3466667,1
NM,Bernalillo,275.6833333,1
NM,Catron,307.42,2
NM,Chaves,383.3333333,3
NM,Cibola,271.1222222,1
NM,Colfax,276.3333333,1
NM,Curry,371.17,3
NM,De Baca,347.0444444,2
NM,Dona Ana,247.3,1
NM,Eddy,384.6583333,3
NM,Grant,334.3888889,2
NM,Guadalupe,317.2777778,2
NM,Harding,319.6777778,2
NM,Hidalgo,315.2888889,2
NM,Lea,445.7545455,4
NM,Lincoln,294.9454545,2
NM,Los Alamos,250.875,1
NM,Luna,383.28,3
NM,McKinley,267.575,1
NM,Mora,238.1333333,1
NM,Otero,291.22,2
NM,Quay,345.3777778,2
NM,Rio Arriba,257.7,1
NM,Roosevelt,402.4727273,3
NM,San Juan,259.0916667,1
NM,San Miguel,319.5,2
NM,Sandoval,252.8944444,1
NM,Santa Fe,244.1388889,1
NM,Sierra,365.5545455,3
NM,Socorro,308.8833333,2
NM,Taos,219.05,1
NM,Torrance,309.7133333,2
NM,Union,353.9555556,3
NM,Valencia,280.9055556,1
NV,Carson City,350.7,2
NV,Churchill,455.2352941,4
NV,Clark,366.5555556,3
NV,Douglas,224.675,1
NV,Elko,274.98,1
NV,Esmeralda,391.1285714,3
NV,Eureka,412.7142857,4
NV,Humboldt,329.26875,2
NV,Lander,356.0777778,3
NV,Lincoln,375.3272727,3
NV,Lyon,326.5470588,2
NV,Mineral,391.6636364,3
NV,Nye,385.3277778,3
NV,Pershing,347.7857143,2
NV,Storey,308.9769231,2
NV,Washoe,322.4055556,2
NV,White Pine,340.0444444,2
NY,Albany,289.64,2
NY,Allegany,333.1285714,2
NY,Bronx,356.85,3
NY,Broome,345.8272727,2
NY,Cattaraugus,405.39375,3
NY,Cayuga,321.6076923,2
NY,Chautauqua,383.29375,3
NY,Chemung,427.8111111,4
NY,Chenango,518.975,4
NY,Clinton,329.2142857,2
NY,Columbia,286.6533333,1
NY,Cortland,304.5857143,2
NY,Delaware,312.1230769,2
NY,Dutchess,287.2733333,2
NY,Erie,320.8722222,2
NY,Essex,305.5428571,2
NY,Franklin,353.35,3
NY,Fulton,397.1,3
NY,Genesee,284.3277778,1
NY,Greene,302.5642857,2
NY,Hamilton,330.3333333,2
NY,Herkimer,422.3083333,4
NY,Jefferson,363.2875,3
NY,Kings,316.6823529,2
NY,Lewis,354.12,3
NY,Livingston,250.0142857,1
NY,Madison,306.5142857,2
NY,Monroe,262.66,1
NY,Montgomery,325.9307692,2
NY,Nassau,312.79375,2
NY,New York,302.6666667,2
NY,Niagara,391.5375,3
NY,Oneida,320.2428571,2
NY,Onondaga,290.475,2
NY,Ontario,274.7142857,1
NY,Orange,291.125,2
NY,Orleans,354.5266667,3
NY,Oswego,333.85,2
NY,Otsego,303.3916667,2
NY,Putnam,270.4733333,1
NY,Queens,288.2222222,2
NY,Rensselaer,300.9928571,2
NY,Richmond,407.8266667,3
NY,Rockland,246.025,1
NY,Saratoga,252.14,1
NY,Schenectady,322.5666667,2
NY,Schoharie,315.3642857,2
NY,Schuyler,382.8666667,3
NY,Seneca,322.5333333,2
NY,St. Lawrence,368.1571429,3
NY,Steuben,386.8,3
NY,Suffolk,302.74375,2
NY,Sullivan,323.1642857,2
NY,Tioga,370.7666667,3
NY,Tompkins,317.07,2
NY,Ulster,298.0866667,2
NY,Warren,305.5666667,2
NY,Washington,289.4111111,2
NY,Wayne,276.9357143,1
NY,Westchester,243.00625,1
NY,Wyoming,346.0533333,2
NY,Yates,308.2714286,2
OH,Adams,507.125,4
OH,Allen,376.6,3
OH,Ashland,315.4461538,2
OH,Ashtabula,410.5272727,4
OH,Athens,377.6142857,3
OH,Auglaize,409.2857143,4
OH,Belmont,423.2222222,4
OH,Brown,419.9,4
OH,Butler,242.2666667,1
OH,Carroll,384.5222222,3
OH,Champaign,408.8333333,3
OH,Clark,358.3090909,3
OH,Clermont,320.86,2
OH,Clinton,432.6888889,4
OH,Columbiana,423.2454545,4
OH,Coshocton,347.7666667,2
OH,Crawford,391.4111111,3
OH,Cuyahoga,322.58,2
OH,Darke,353.35,3
OH,Defiance,315.9769231,2
OH,Delaware,239.9846154,1
OH,Erie,321.35,2
OH,Fairfield,277.1714286,1
OH,Fayette,497.9222222,4
OH,Franklin,264.475,1
OH,Fulton,378.2416667,3
OH,Gallia,460.4444444,4
OH,Geauga,288.0266667,2
OH,Greene,296.025,2
OH,Guernsey,415,4
OH,Hamilton,249.42,1
OH,Hancock,324.71,2
OH,Hardin,434.2333333,4
OH,Harrison,482.2222222,4
OH,Henry,364.5916667,3
OH,Highland,502.6777778,4
OH,Hocking,344.8111111,2
OH,Holmes,407.1375,3
OH,Huron,317.175,2
OH,Jackson,556.8222222,4
OH,Jefferson,540.9666667,4
OH,Knox,342.2666667,2
OH,Lake,305.2666667,2
OH,Lawrence,441.4555556,4
OH,Licking,261.9,1
OH,Logan,399.0285714,3
OH,Lorain,294.02,2
OH,Lucas,340.8875,2
OH,Madison,301.9538462,2
OH,Mahoning,392.8076923,3
OH,Marion,420.275,4
OH,Medina,305.4066667,2
OH,Meigs,408.3,3
OH,Mercer,460.2666667,4
OH,Miami,401.12,3
OH,Monroe,379.4666667,3
OH,Montgomery,290.5933333,2
OH,Morgan,339.275,2
OH,Morrow,382.0888889,3
OH,Muskingum,348.6666667,2
OH,Noble,1004.9125,4
OH,Ottawa,392.5,3
OH,Paulding,302.7,2
OH,Perry,360.2222222,3
OH,Pickaway,298.72,2
OH,Pike,402.8444444,3
OH,Portage,389.5133333,3
OH,Preble,355.73,3
OH,Putnam,341.29,2
OH,Richland,378.5,3
OH,Ross,428.5125,4
OH,Sandusky,337.1636364,2
OH,Scioto,651.2,4
OH,Seneca,332.4,2
OH,Shelby,384.725,3
OH,Stark,304.4142857,2
OH,Summit,302.26,2
OH,Trumbull,381.8692308,3
OH,Tuscarawas,388.5777778,3
OH,Union,279.6,1
OH,Van Wert,355.8333333,3
OH,Vinton,447.8428571,4
OH,Warren,253.1923077,1
OH,Washington,369.0714286,3
OH,Wayne,325.25,2
OH,Williams,333.6142857,2
OH,Wood,373.0166667,3
OH,Wyandot,368.5857143,3
OK,Adair,423.0125,4
OK,Alfalfa,396.95,3
OK,Atoka,598.4454545,4
OK,Beaver,379.1428571,3
OK,Beckham,384.1625,3
OK,Blaine,463.8416667,4
OK,Bryan,481.7666667,4
OK,Caddo,432.4533333,4
OK,Canadian,373.25,3
OK,Carter,509.4363636,4
OK,Cherokee,535.1583333,4
OK,Choctaw,629.6,4
OK,Cimarron,451.7375,4
OK,Cleveland,278.3333333,1
OK,Coal,633.22,4
OK,Comanche,416.025,4
OK,Cotton,415.1266667,4
OK,Craig,590.37,4
OK,Creek,460.3333333,4
OK,Custer,448.98,4
OK,Delaware,425.8833333,4
OK,Dewey,485,4
OK,Ellis,428.75,4
OK,Garfield,401.5181818,3
OK,Garvin,456.8923077,4
OK,Grady,349.3866667,2
OK,Grant,390.9285714,3
OK,Greer,495.7666667,4
OK,Harmon,413.5555556,4
OK,Harper,422.8,4
OK,Haskell,509.89,4
OK,Hughes,650.2416667,4
OK,Jackson,486.8222222,4
OK,Jefferson,504.53,4
OK,Johnston,515.9166667,4
OK,Kay,387.8833333,3
OK,Kingfisher,378.9,3
OK,Kiowa,431.0133333,4
OK,Latimer,530.27,4
OK,Le Flore,481.0538462,4
OK,Lincoln,414.5133333,4
OK,Logan,338.0388889,2
OK,Love,346.9428571,2
OK,Major,402.4166667,3
OK,Marshall,411.1666667,4
OK,Mayes,519.38,4
OK,McClain,345.55625,2
OK,McCurtain,543.2333333,4
OK,McIntosh,620.8166667,4
OK,Murray,531.9818182,4
OK,Muskogee,618.0846154,4
OK,Noble,411.6833333,4
OK,Nowata,478.4076923,4
OK,Okfuskee,593.9153846,4
OK,Oklahoma,358.25,3
OK,Okmulgee,465.4647059,4
OK,Osage,389.85625,3
OK,Ottawa,588.8111111,4
OK,Pawnee,439.69375,4
OK,Payne,445.3833333,4
OK,Pittsburg,564.19,4
OK,Pontotoc,536.425,4
OK,Pottawatomie,409.5333333,4
OK,Pushmataha,588.14,4
OK,Roger Mills,455.6166667,4
OK,Rogers,447.2117647,4
OK,Seminole,607.9,4
OK,Sequoyah,465.0714286,4
OK,Stephens,474.5142857,4
OK,Texas,425.1625,4
OK,Tillman,385.5533333,3
OK,Tulsa,418.4666667,4
OK,Wagoner,422.3941176,4
OK,Washington,416.6235294,4
OK,Washita,439.9333333,4
OK,Woods,415.8833333,4
OK,Woodward,398.0666667,3
OR,Baker,292.4714286,2
OR,Benton,209.8181818,1
OR,Clackamas,221.8,1
OR,Clatsop,211.2916667,1
OR,Columbia,236.0055556,1
OR,Coos,300.1333333,2
OR,Crook,274.45,1
OR,Curry,291.8777778,2
OR,Deschutes,231.8384615,1
OR,Douglas,216.9571429,1
OR,Gilliam,296.65,2
OR,Grant,273.7125,1
OR,Harney,293.275,2
OR,Hood River,242.5117647,1
OR,Jackson,238.3083333,1
OR,Jefferson,299.7846154,2
OR,Josephine,233.6,1
OR,Klamath,260.5642857,1
OR,Lake,286.1714286,1
OR,Lane,205.78125,1
OR,Lincoln,250.9777778,1
OR,Linn,251.4466667,1
OR,Malheur,313.4888889,2
OR,Marion,226.96875,1
OR,Morrow,247.6222222,1
OR,Multnomah,251.6611111,1
OR,Polk,224.7153846,1
OR,Sherman,316.65,2
OR,Tillamook,207.2230769,1
OR,Umatilla,231.55,1
OR,Union,306.4142857,2
OR,Wallowa,297.9,2
OR,Wasco,261.0642857,1
OR,Washington,211.45,1
OR,Wheeler,306.45,2
OR,Yamhill,220.64375,1
PA,Adams,274.96,1
PA,Allegheny,318.7933333,2
PA,Armstrong,314.5666667,2
PA,Beaver,337.0357143,2
PA,Bedford,385.4888889,3
PA,Berks,290.1133333,2
PA,Blair,371.3555556,3
PA,Bradford,392.2333333,3
PA,Bucks,232.4066667,1
PA,Butler,315.6533333,2
PA,Cambria,390.7666667,3
PA,Cameron,354.7,3
PA,Carbon,335.9714286,2
PA,Centre,307.9875,2
PA,Chester,257.3466667,1
PA,Clarion,347.4428571,2
PA,Clearfield,432.5875,4
PA,Clinton,370.5125,3
PA,Columbia,378.475,3
PA,Crawford,379.6454545,3
PA,Cumberland,292.4066667,2
PA,Dauphin,316.1933333,2
PA,Delaware,313.0466667,2
PA,Elk,354.9166667,3
PA,Erie,346.8153846,2
PA,Fayette,432.97,4
PA,Forest,376.2833333,3
PA,Franklin,297.1833333,2
PA,Fulton,404.2888889,3
PA,Greene,417.3888889,4
PA,Huntingdon,343.425,2
PA,Indiana,427.8888889,4
PA,Jefferson,360.1,3
PA,Juniata,376.5625,3
PA,Lackawanna,337.8076923,2
PA,Lancaster,287.7133333,2
PA,Lawrence,395.5083333,3
PA,Lebanon,287.6266667,2
PA,Lehigh,252.0133333,1
PA,Luzerne,326.2,2
PA,Lycoming,361.7125,3
PA,McKean,424.3333333,4
PA,Mercer,379.6083333,3
PA,Mifflin,307.4714286,2
PA,Monroe,246.86,1
PA,Montgomery,248.7133333,1
PA,Montour,386.5375,3
PA,Northampton,257.7266667,1
PA,Northumberland,334.8833333,2
PA,Perry,307.8785714,2
PA,Philadelphia,343.14375,2
PA,Pike,278.6642857,1
PA,Potter,346.5,2
PA,Schuylkill,422.2733333,4
PA,Snyder,283.15,1
PA,Somerset,430.9666667,4
PA,Sullivan,347.8285714,2
PA,Susquehanna,346.4166667,2
PA,Tioga,394.9777778,3
PA,Union,282.225,1
PA,Venango,398.4111111,3
PA,Warren,382.9916667,3
PA,Washington,301.8,2
PA,Wayne,348.7384615,2
PA,Westmoreland,311.3466667,2
PA,Wyoming,333.8909091,2
PA,York,271.76,1
PR,Adjuntas Municipio,266.0333333,1
PR,Aguada Municipio,216.9333333,1
PR,Aguadilla Municipio,241.9,1
PR,Aguas Buenas Municipio,219.2,1
PR,Aibonito Municipio,207.1333333,1
PR,Anasco Municipio,214,1
PR,Arecibo Municipio,198.1333333,1
PR,Arroyo Municipio,265.2666667,1
PR,Barceloneta Municipio,209,1
PR,Barranquitas Municipio,169.4666667,1
PR,Bayamon Municipio,217.6,1
PR,Cabo Rojo Municipio,207.2666667,1
PR,Caguas Municipio,220.4,1
PR,Camuy Municipio,168.2333333,1
PR,Canovanas Municipio,200.8333333,1
PR,Carolina Municipio,211,1
PR,Catano Municipio,223.7333333,1
PR,Cayey Municipio,196.8666667,1
PR,Ceiba Municipio,192.3333333,1
PR,Ciales Municipio,201.3333333,1
PR,Cidra Municipio,203.8333333,1
PR,Coamo Municipio,306.4333333,2
PR,Comerio Municipio,213.5666667,1
PR,Corozal Municipio,182.0333333,1
PR,Culebra Municipio,205.6,1
PR,Dorado Municipio,203.9666667,1
PR,Fajardo Municipio,207.4666667,1
PR,Florida Municipio,209.2666667,1
PR,Guanica Municipio,274.2666667,1
PR,Guayama Municipio,238.3333333,1
PR,Guayanilla Municipio,266.5333333,1
PR,Guaynabo Municipio,217.8666667,1
PR,Gurabo Municipio,210.4,1
PR,Hatillo Municipio,180.6,1
PR,Hormigueros Municipio,207.1,1
PR,Humacao Municipio,214.5666667,1
PR,Isabela Municipio,190.2333333,1
PR,Jayuya Municipio,264.9333333,1
PR,Juana Diaz Municipio,286.2666667,1
PR,Juncos Municipio,204,1
PR,Lajas Municipio,248.3333333,1
PR,Lares Municipio,260.6333333,1
PR,Las Marias Municipio,232.9333333,1
PR,Las Piedras Municipio,211.2,1
PR,Loiza Municipio,198.6666667,1
PR,Luquillo Municipio,192.2,1
PR,Manati Municipio,205.4333333,1
PR,Maricao Municipio,235.2,1
PR,Maunabo Municipio,260.9,1
PR,Mayaguez Municipio,213.4333333,1
PR,Moca Municipio,216.6666667,1
PR,Morovis Municipio,184.0333333,1
PR,Naguabo Municipio,214.0666667,1
PR,Naranjito Municipio,207.5333333,1
PR,Orocovis Municipio,209.9666667,1
PR,Patillas Municipio,261.1,1
PR,Penuelas Municipio,276.4,1
PR,Ponce Municipio,276.6,1
PR,Quebradillas Municipio,178.6333333,1
PR,Rincon Municipio,207.0333333,1
PR,Rio Grande Municipio,202.6,1
PR,Sabana Grande Municipio,255.2333333,1
PR,Salinas Municipio,247.6666667,1
PR,San German Municipio,215.8,1
PR,San Juan Municipio,215.8,1
PR,San Lorenzo Municipio,211.9666667,1
PR,San Sebastian Municipio,204.5666667,1
PR,Santa Isabel Municipio,306.1666667,2
PR,Toa Alta Municipio,200.8333333,1
PR,Toa Baja Municipio,226.6,1
PR,Trujillo Alto Municipio,213.4666667,1
PR,Utuado Municipio,212.1333333,1
PR,Vega Alta Municipio,184.4,1
PR,Vega Baja Municipio,204.8666667,1
PR,Vieques Municipio,217.8666667,1
PR,Villalba Municipio,317.7666667,2
PR,Yabucoa Municipio,223.1,1
PR,Yauco Municipio,267.4333333,1
RI,Bristol,251.88,1
RI,Kent,236.625,1
RI,Newport,257.1692308,1
RI,Providence,264.71875,1
RI,Washington,264.4583333,1
SC,Abbeville,301.7333333,2
SC,Aiken,295.8923077,2
SC,Allendale,414.7,4
SC,Anderson,282.0923077,1
SC,Bamberg,361.4666667,3
SC,Barnwell,421.0555556,4
SC,Beaufort,210.25,1
SC,Berkeley,263.5285714,1
SC,Calhoun,309.7272727,2
SC,Charleston,248.7571429,1
SC,Cherokee,463.04,4
SC,Chester,436.6777778,4
SC,Chesterfield,465.91,4
SC,Clarendon,326.4818182,2
SC,Colleton,410.19,4
SC,Darlington,537.8666667,4
SC,Dillon,441.8,4
SC,Dorchester,301.0333333,2
SC,Edgefield,312.0583333,2
SC,Fairfield,414.79,4
SC,Florence,446.8333333,4
SC,Georgetown,316.0846154,2
SC,Greenville,269.9466667,1
SC,Greenwood,360.2222222,3
SC,Hampton,326.31,2
SC,Horry,337.23125,2
SC,Jasper,283.5545455,1
SC,Kershaw,333.67,2
SC,Lancaster,280.59375,1
SC,Laurens,302.1916667,2
SC,Lee,465.8,4
SC,Lexington,280.3153846,1
SC,Marion,443.25,4
SC,Marlboro,616.25,4
SC,McCormick,323.3444444,2
SC,Newberry,336.7,2
SC,Oconee,356.13,3
SC,Orangeburg,283.0285714,1
SC,Pickens,349.2833333,2
SC,Richland,266.4933333,1
SC,Saluda,328.3454545,2
SC,Spartanburg,296.2785714,2
SC,Sumter,368.61,3
SC,Union,478.2333333,4
SC,Williamsburg,445.92,4
SC,York,242.54,1
SD,Aurora,332.2333333,2
SD,Beadle,302.6,2
SD,Bennett,343.3111111,2
SD,Bon Homme,329.1,2
SD,Brookings,278.2666667,1
SD,Brown,285.3833333,1
SD,Brule,321.2571429,2
SD,Buffalo,286.9,1
SD,Butte,304.3833333,2
SD,Campbell,336.75,2
SD,Charles Mix,358.4857143,3
SD,Clark,308.7,2
SD,Clay,455.55,4
SD,Codington,303.45,2
SD,Corson,510.9111111,4
SD,Custer,332.6875,2
SD,Davison,373.25,3
SD,Day,300.5833333,2
SD,Deuel,281.6,1
SD,Dewey,383.975,3
SD,Douglas,343.6333333,2
SD,Edmunds,286.3166667,1
SD,Fall River,386.5625,3
SD,Faulk,282.1666667,1
SD,Grant,304.55,2
SD,Gregory,331.4571429,2
SD,Haakon,284.3666667,1
SD,Hamlin,297.7333333,2
SD,Hand,284.9,1
SD,Hanson,410.5666667,4
SD,Harding,323.7,2
SD,Hughes,254.0666667,1
SD,Hutchinson,352.2,2
SD,Hyde,326.4666667,2
SD,Jackson,337.4888889,2
SD,Jerauld,279.8333333,1
SD,Jones,253.2666667,1
SD,Kingsbury,315.5333333,2
SD,Lake,361.9142857,3
SD,Lawrence,353.5222222,3
SD,Lincoln,301.2428571,2
SD,Lyman,320.5857143,2
SD,Marshall,283.4833333,1
SD,McCook,317.3166667,2
SD,McPherson,282.0833333,1
SD,Meade,347.0333333,2
SD,Mellette,389.75,3
SD,Miner,359.3166667,3
SD,Minnehaha,320.22,2
SD,Moody,348.4714286,2
SD,Pennington,337.1666667,2
SD,Perkins,310.9833333,2
SD,Potter,272.5333333,1
SD,Roberts,301.6166667,2
SD,Sanborn,343.45,2
SD,Shannon,333.4555556,2
SD,Spink,282.6,1
SD,Stanley,266.0285714,1
SD,Sully,218.5166667,1
SD,Todd,370.975,3
SD,Tripp,376.6,3
SD,Turner,327.95,2
SD,Union,285.5333333,1
SD,Walworth,405.1875,3
SD,Yankton,333.0666667,2
SD,Ziebach,358.1888889,3
TN,Anderson,390.0333333,3
TN,Bedford,430.7272727,4
TN,Benton,511.2222222,4
TN,Bledsoe,424.2125,4
TN,Blount,299.41,2
TN,Bradley,433.2,4
TN,Campbell,443.4857143,4
TN,Cannon,388.81,3
TN,Carroll,620.7333333,4
TN,Carter,414.4111111,4
TN,Cheatham,332.5866667,2
TN,Chester,476.6888889,4
TN,Claiborne,500.2666667,4
TN,Clay,467.6,4
TN,Cocke,565.9,4
TN,Coffee,418.6363636,4
TN,Crockett,567.1555556,4
TN,Cumberland,364.65,3
TN,Davidson,309.8533333,2
TN,Decatur,587.8125,4
TN,DeKalb,464.0777778,4
TN,Dickson,397.3090909,3
TN,Dyer,585.6666667,4
TN,Fayette,363.0083333,3
TN,Fentress,427.9833333,4
TN,Franklin,419.4111111,4
TN,Gibson,533.2888889,4
TN,Giles,457.5555556,4
TN,Grainger,411.3333333,4
TN,Greene,454.9444444,4
TN,Grundy,509.2,4
TN,Hamblen,370.94,3
TN,Hamilton,286.6733333,1
TN,Hancock,451.3166667,4
TN,Hardeman,514.7,4
TN,Hardin,620.7888889,4
TN,Hawkins,426.0777778,4
TN,Haywood,494.9555556,4
TN,Henderson,512.4888889,4
TN,Henry,468.5111111,4
TN,Hickman,338.45,2
TN,Houston,452.2888889,4
TN,Humphreys,471.55,4
TN,Jackson,462.0166667,4
TN,Jefferson,422.3111111,4
TN,Johnson,351.825,2
TN,Knox,265.14,1
TN,Lake,591.6,4
TN,Lauderdale,570.0111111,4
TN,Lawrence,486.4666667,4
TN,Lewis,502.8888889,4
TN,Lincoln,455.42,4
TN,Loudon,310.73,2
TN,Macon,463.4625,4
TN,Madison,439.5333333,4
TN,Marion,451.3444444,4
TN,Marshall,413.5916667,4
TN,Maury,370.1777778,3
TN,McMinn,434.9666667,4
TN,McNairy,578.1444444,4
TN,Meigs,444.2222222,4
TN,Monroe,354.8222222,3
TN,Montgomery,341.7428571,2
TN,Moore,470.8555556,4
TN,Morgan,409.0857143,4
TN,Obion,520.9555556,4
TN,Overton,437.5333333,4
TN,Perry,558.5857143,4
TN,Pickett,415.2666667,4
TN,Polk,469.5875,4
TN,Putnam,439.9714286,4
TN,Rhea,458.5888889,4
TN,Roane,344.8818182,2
TN,Robertson,350.6428571,2
TN,Rutherford,337.4266667,2
TN,Scott,402.7333333,3
TN,Sequatchie,369.3428571,3
TN,Sevier,360.9090909,3
TN,Shelby,294.4266667,2
TN,Smith,425.2,4
TN,Stewart,474.8222222,4
TN,Sullivan,426.6333333,4
TN,Sumner,292.2307692,2
TN,Tipton,367.325,3
TN,Trousdale,439.8555556,4
TN,Unicoi,422.0714286,4
TN,Union,390.2142857,3
TN,Van Buren,486.4166667,4
TN,Warren,533.7333333,4
TN,Washington,398.5444444,3
TN,Wayne,540.0555556,4
TN,Weakley,463.2,4
TN,White,438.0714286,4
TN,Williamson,267.56,1
TN,Wilson,292.0266667,2
TX,Anderson,518.075,4
TX,Andrews,431.8583333,4
TX,Angelina,362.7333333,3
TX,Aransas,359.7111111,3
TX,Archer,313.05,2
TX,Armstrong,392.2222222,3
TX,Atascosa,341.14,2
TX,Austin,325.9533333,2
TX,Bailey,344.71,2
TX,Bandera,324.1571429,2
TX,Bastrop,273.2666667,1
TX,Baylor,358.68,3
TX,Bee,388.9777778,3
TX,Bell,296.9066667,2
TX,Bexar,312.46875,2
TX,Blanco,247.5,1
TX,Borden,459.2,4
TX,Bosque,346.4166667,2
TX,Bowie,453.2,4
TX,Brazoria,267.95,1
TX,Brazos,292.3066667,2
TX,Brewster,258.1222222,1
TX,Briscoe,326.7714286,2
TX,Brooks,351.7333333,2
TX,Brown,386.7777778,3
TX,Burleson,479.925,4
TX,Burnet,244.22,1
TX,Caldwell,281.36,1
TX,Calhoun,391.4833333,3
TX,Callahan,425.5166667,4
TX,Cameron,281.6666667,1
TX,Camp,451.4222222,4
TX,Carson,372.0777778,3
TX,Cass,482.7444444,4
TX,Castro,358.21,3
TX,Chambers,309.71875,2
TX,Cherokee,462.4166667,4
TX,Childress,472.1166667,4
TX,Clay,361.77,3
TX,Cochran,374.06,3
TX,Coke,328.3666667,2
TX,Coleman,421.3416667,4
TX,Collin,204.625,1
TX,Collingsworth,762.8375,4
TX,Colorado,481.7666667,4
TX,Comal,297.42,2
TX,Comanche,394.2777778,3
TX,Concho,265.4888889,1
TX,Cooke,273.7066667,1
TX,Coryell,299.0357143,2
TX,Cottle,463.0333333,4
TX,Crane,447.3083333,4
TX,Crockett,393.7444444,3
TX,Crosby,398.9916667,3
TX,Culberson,358.4222222,3
TX,Dallam,403.75,3
TX,Dallas,279.6666667,1
TX,Dawson,419.82,4
TX,Deaf Smith,381.1818182,3
TX,Delta,466.6,4
TX,Denton,198.5555556,1
TX,DeWitt,349.975,2
TX,Dickens,338.2,2
TX,Dimmit,391.4888889,3
TX,Donley,419,4
TX,Duval,395.7555556,3
TX,Eastland,403.5777778,3
TX,Ector,497.8166667,4
TX,Edwards,316.5777778,2
TX,El Paso,276.7533333,1
TX,Ellis,296.4125,2
TX,Erath,362.4444444,3
TX,Falls,360.9769231,3
TX,Fannin,309.05,2
TX,Fayette,337.6916667,2
TX,Fisher,418.2166667,4
TX,Floyd,396.75,3
TX,Foard,425.1333333,4
TX,Fort Bend,225.9,1
TX,Franklin,473.3333333,4
TX,Freestone,370.2916667,3
TX,Frio,436.4111111,4
TX,Gaines,450.9181818,4
TX,Galveston,295.61875,2
TX,Garza,397.6916667,3
TX,Gillespie,256.9,1
TX,Glasscock,375.7666667,3
TX,Goliad,328.4416667,2
TX,Gonzales,382.1333333,3
TX,Gray,446.1142857,4
TX,Grayson,221.6222222,1
TX,Gregg,367.4833333,3
TX,Grimes,393.0384615,3
TX,Guadalupe,317.0866667,2
TX,Hale,397.775,3
TX,Hall,457.2333333,4
TX,Hamilton,354.4444444,3
TX,Hansford,406.8333333,3
TX,Hardeman,430.41,4
TX,Hardin,414.9928571,4
TX,Harris,265.0222222,1
TX,Harrison,344.0636364,2
TX,Hartley,430.1636364,4
TX,Haskell,445.0375,4
TX,Hays,243.42,1
TX,Hemphill,410.0833333,4
TX,Henderson,429.475,4
TX,Hidalgo,255.0916667,1
TX,Hill,355.0416667,3
TX,Hockley,376.075,3
TX,Hood,303.73,2
TX,Hopkins,453.81,4
TX,Houston,361.9416667,3
TX,Howard,677.16,4
TX,Hudspeth,302.8111111,2
TX,Hunt,365.62,3
TX,Hutchinson,520.7916667,4
TX,Irion,286.8555556,1
TX,Jack,387.5333333,3
TX,Jackson,434.9333333,4
TX,Jasper,432.7090909,4
TX,Jeff Davis,261.6333333,1
TX,Jefferson,397.8866667,3
TX,Jim Hogg,292.7,2
TX,Jim Wells,434.1083333,4
TX,Johnson,293.88,2
TX,Jones,438.4916667,4
TX,Karnes,357.6083333,3
TX,Kaufman,328.26875,2
TX,Kendall,314.24,2
TX,Kenedy,329.0142857,2
TX,Kent,315.0375,2
TX,Kerr,269.9,1
TX,Kimble,309.7444444,2
TX,King,394.85,3
TX,Kinney,345.3333333,2
TX,Kleberg,426.2583333,4
TX,Knox,391.7285714,3
TX,La Salle,406.0888889,3
TX,Lamar,485.9416667,4
TX,Lamb,393.775,3
TX,Lampasas,295.6,2
TX,Lavaca,408.8,3
TX,Lee,273.4,1
TX,Leon,361.25,3
TX,Liberty,359.91875,3
TX,Limestone,365.1666667,3
TX,Lipscomb,385.5,3
TX,Live Oak,396.5666667,3
TX,Llano,263.0857143,1
TX,Loving,436.6,4
TX,Lubbock,386.6153846,3
TX,Lynn,377.5909091,3
TX,Madison,382.6666667,3
TX,Marion,445.5777778,4
TX,Martin,537.57,4
TX,Mason,279.9125,1
TX,Matagorda,361.2571429,3
TX,Maverick,334.5888889,2
TX,McCulloch,341.4222222,2
TX,McLennan,325.8571429,2
TX,McMullen,341.4222222,2
TX,Medina,336.3,2
TX,Menard,280.9,1
TX,Midland,389.8166667,3
TX,Milam,355.0928571,3
TX,Mills,369.9888889,3
TX,Mitchell,478.24,4
TX,Montague,439,4
TX,Montgomery,294.5333333,2
TX,Moore,428.7416667,4
TX,Morris,489.5666667,4
TX,Motley,326.9,2
TX,Nacogdoches,342.6416667,2
TX,Navarro,380.3416667,3
TX,Newton,519.61,4
TX,Nolan,425.8916667,4
TX,Nueces,306.2357143,2
TX,Ochiltree,590.4428571,4
TX,Oldham,370.4666667,3
TX,Orange,418.3142857,4
TX,Palo Pinto,470.6777778,4
TX,Panola,372.5,3
TX,Parker,267.0666667,1
TX,Parmer,350.06,2
TX,Pecos,378.5444444,3
TX,Polk,453.0916667,4
TX,Potter,452.0461538,4
TX,Presidio,224.45,1
TX,Rains,448.36,4
TX,Randall,377.325,3
TX,Reagan,354.01,3
TX,Real,294.2777778,2
TX,Red River,489.65,4
TX,Reeves,417.3,4
TX,Refugio,342.5583333,2
TX,Roberts,460.8857143,4
TX,Robertson,425.0416667,4
TX,Rockwall,264.125,1
TX,Runnels,354.8333333,3
TX,Rusk,397.075,3
TX,Sabine,495.4333333,4
TX,San Augustine,369.6818182,3
TX,San Jacinto,345.5615385,2
TX,San Patricio,329.2416667,2
TX,San Saba,277.9111111,1
TX,Schleicher,247.2444444,1
TX,Scurry,350.38,2
TX,Shackelford,431.2625,4
TX,Shelby,413.66,4
TX,Sherman,419.2444444,4
TX,Smith,403.1,3
TX,Somervell,317.11,2
TX,Starr,307.0333333,2
TX,Stephens,429.3125,4
TX,Sterling,335.0111111,2
TX,Stonewall,431.675,4
TX,Sutton,324.2888889,2
TX,Swisher,370.24,3
TX,Tarrant,250.6888889,1
TX,Taylor,441.825,4
TX,Terrell,344.8777778,2
TX,Terry,417.5583333,4
TX,Throckmorton,371.4625,3
TX,Titus,360.4916667,3
TX,Tom Green,240.31,1
TX,Travis,216.65,1
TX,Trinity,415.4,4
TX,Tyler,411.6545455,4
TX,Upshur,398.575,3
TX,Upton,384.07,3
TX,Uvalde,341.0777778,2
TX,Val Verde,332.6888889,2
TX,Van Zandt,419.6083333,4
TX,Victoria,348.525,2
TX,Walker,272.0307692,1
TX,Waller,295.1266667,2
TX,Ward,480.95,4
TX,Washington,309.8416667,2
TX,Webb,305.1666667,2
TX,Wharton,312.5533333,2
TX,Wheeler,419.9142857,4
TX,Wichita,355.7083333,3
TX,Wilbarger,346.175,2
TX,Willacy,330.5111111,2
TX,Williamson,208.2933333,1
TX,Wilson,328.5066667,2
TX,Winkler,492.8,4
TX,Wise,263.8066667,1
TX,Wood,403.6166667,3
TX,Yoakum,408.49,3
TX,Young,390.45,3
TX,Zapata,290.3888889,2
TX,Zavala,371.8222222,3
UT,Beaver,299.1,2
UT,Box Elder,288.1,2
UT,Cache,196.3555556,1
UT,Carbon,346.69,2
UT,Daggett,296.9,2
UT,Davis,269.90625,1
UT,Duchesne,270.54,1
UT,Emery,361.3571429,3
UT,Garfield,277.9833333,1
UT,Grand,251.27,1
UT,Iron,312.35,2
UT,Juab,268.9777778,1
UT,Kane,275.56,1
UT,Millard,286.2666667,1
UT,Morgan,270.1222222,1
UT,Piute,318.95,2
UT,Rich,292.7142857,2
UT,Salt Lake,266.5705882,1
UT,San Juan,257.7416667,1
UT,Sanpete,262.48,1
UT,Sevier,349.5166667,2
UT,Summit,245.875,1
UT,Tooele,271.5375,1
UT,Uintah,261.5428571,1
UT,Utah,297.7466667,2
UT,Wasatch,277.9416667,1
UT,Washington,244.0083333,1
UT,Wayne,350.5,2
UT,Weber,287.8090909,2
VA,Accomack,451.7333333,4
VA,Albemarle,227.8090909,1
VA,Alexandria City,222.3066667,1
VA,Alleghany,351.5,2
VA,Amelia,327.8777778,2
VA,Amherst,347.2,2
VA,Appomattox,425.9,4
VA,Arlington,204.9866667,1
VA,Augusta,308.4222222,2
VA,Bath,318.2857143,2
VA,Bedford,331.8666667,2
VA,Bedford City,0,1
VA,Bland,424.0375,4
VA,Botetourt,329.3111111,2
VA,Bristol City,567.65,4
VA,Brunswick,417.0666667,4
VA,Buchanan,465.6285714,4
VA,Buckingham,369.6555556,3
VA,Buena Vista City,350.5333333,2
VA,Campbell,363.5,3
VA,Caroline,359.6222222,3
VA,Carroll,376.2666667,3
VA,Charles City,309.04,2
VA,Charlotte,385.7666667,3
VA,Charlottesville City,344.7777778,2
VA,Chesapeake City,250.0266667,1
VA,Chesterfield,244.86,1
VA,Clarke,241.6142857,1
VA,Colonial Heights City,350.52,2
VA,Covington City,655.4,4
VA,Craig,334.7166667,2
VA,Culpeper,260.95,1
VA,Cumberland,334.3,2
VA,Danville City,441.1111111,4
VA,Dickenson,482.6833333,4
VA,Dinwiddie,319.1090909,2
VA,Emporia City,455.8888889,4
VA,Essex,342.7111111,2
VA,Fairfax,169.9733333,1
VA,Fairfax City,184.9533333,1
VA,Falls Church City,197.4466667,1
VA,Fauquier,221.34,1
VA,Floyd,335.4111111,2
VA,Fluvanna,296.9888889,2
VA,Franklin,325.9666667,2
VA,Franklin City,396.8222222,3
VA,Frederick,286.45,1
VA,Fredericksburg City,286.3,1
VA,Galax City,479.05,4
VA,Giles,424.8444444,4
VA,Gloucester,323.7111111,2
VA,Goochland,260.0461538,1
VA,Grayson,315.7,2
VA,Greene,290.1777778,2
VA,Greensville,660.0888889,4
VA,Halifax,371.9555556,3
VA,Hampton City,339.725,2
VA,Hanover,290.7166667,2
VA,Harrisonburg City,262.175,1
VA,Henrico,259.8533333,1
VA,Henry,352.9222222,2
VA,Highland,274.1833333,1
VA,Hopewell City,434.42,4
VA,Isle of Wight,337.7444444,2
VA,James City,282.7818182,1
VA,King and Queen,337.4888889,2
VA,King George,250.2888889,1
VA,King William,367.1222222,3
VA,Lancaster,309.3111111,2
VA,Lee,434,4
VA,Lexington City,315.4333333,2
VA,Loudoun,169.0066667,1
VA,Louisa,295.4888889,2
VA,Lunenburg,407.8333333,3
VA,Lynchburg City,351.5333333,2
VA,Madison,300.1777778,2
VA,Manassas City,212.9733333,1
VA,Manassas Park City,167.8733333,1
VA,Martinsville City,595.0111111,4
VA,Mathews,354.1875,3
VA,Mecklenburg,400.7,3
VA,Middlesex,346.5111111,2
VA,Montgomery,335.1777778,2
VA,Nelson,393.2333333,3
VA,New Kent,299.0166667,2
VA,Newport News City,300.1571429,2
VA,Norfolk City,308.8533333,2
VA,Northampton,439.6666667,4
VA,Northumberland,309.6444444,2
VA,Norton City,459.9666667,4
VA,Nottoway,402.5777778,3
VA,Orange,294.1777778,2
VA,Page,362.65,3
VA,Patrick,386.5888889,3
VA,Petersburg City,530.97,4
VA,Pittsylvania,348.0444444,2
VA,Poquoson City,304.1,2
VA,Portsmouth City,342.9583333,2
VA,Powhatan,270.6692308,1
VA,Prince Edward,391.4333333,3
VA,Prince George,266.94,1
VA,Prince William,201.1666667,1
VA,Pulaski,429.8222222,4
VA,Radford City,400.3125,3
VA,Rappahannock,275.6555556,1
VA,Richmond,339.8777778,2
VA,Richmond City,279.38,1
VA,Roanoke,342.3666667,2
VA,Roanoke City,378.11,3
VA,Rockbridge,309.2888889,2
VA,Rockingham,268.65,1
VA,Russell,438.3,4
VA,Salem City,372.5333333,3
VA,Scott,423.4625,4
VA,Shenandoah,310.8,2
VA,Smyth,385.1571429,3
VA,Southampton,311.3111111,2
VA,Spotsylvania,230.3923077,1
VA,Stafford,210.0266667,1
VA,Staunton City,393.5,3
VA,Suffolk City,364.5555556,3
VA,Surry,323.4888889,2
VA,Sussex,419.5333333,4
VA,Tazewell,420.3,4
VA,Virginia Beach City,227.76,1
VA,Warren,302.3333333,2
VA,Washington,358.05,3
VA,Waynesboro City,410.8,4
VA,Westmoreland,309.8,2
VA,Williamsburg City,258.7666667,1
VA,Winchester City,283.2142857,1
VA,Wise,478.9166667,4
VA,Wythe,438.1875,4
VA,York,261.0769231,1
VI,Saint Croix (County Equivalent),0,1
VI,Saint John (County Equivalent),0,1
VI,Saint Thomas (County Equivalent),0,1
VT,Addison,305.4833333,2
VT,Bennington,347.48,2
VT,Caledonia,324.7166667,2
VT,Chittenden,247.6857143,1
VT,Essex,300.6666667,2
VT,Franklin,308.3166667,2
VT,Grand Isle,294.3833333,2
VT,Lamoille,287.8666667,2
VT,Orange,316.3666667,2
VT,Orleans,321.1333333,2
VT,Rutland,322.4166667,2
VT,Washington,326.7333333,2
VT,Windham,304.5833333,2
VT,Windsor,307.75,2
WA,Adams,264.1333333,1
WA,Asotin,303.0833333,2
WA,Benton,278.4588235,1
WA,Chelan,224.4388889,1
WA,Clallam,352.8375,2
WA,Clark,234.7235294,1
WA,Columbia,223.4111111,1
WA,Cowlitz,231.1153846,1
WA,Douglas,219.11,1
WA,Ferry,331.0625,2
WA,Franklin,233.9272727,1
WA,Garfield,285.45,1
WA,Grant,318.7,2
WA,Grays Harbor,309.5866667,2
WA,Island,229.1375,1
WA,Jefferson,323.52,2
WA,King,236.3055556,1
WA,Kitsap,307.5,2
WA,Kittitas,259.1888889,1
WA,Klickitat,298.1857143,2
WA,Lewis,287.4055556,2
WA,Lincoln,279.5076923,1
WA,Mason,264.7888889,1
WA,Okanogan,257.0857143,1
WA,Pacific,423.8,4
WA,Pend Oreille,267.4727273,1
WA,Pierce,315.7833333,2
WA,San Juan,217.53,1
WA,Skagit,220.5235294,1
WA,Skamania,260.1714286,1
WA,Snohomish,235.9722222,1
WA,Spokane,247.5882353,1
WA,Stevens,282.6916667,1
WA,Thurston,229.2,1
WA,Wahkiakum,335.5,2
WA,Walla Walla,226.99,1
WA,Whatcom,235.8666667,1
WA,Whitman,260.43125,1
WA,Yakima,333.1388889,2
WI,Adams,350.4833333,2
WI,Ashland,376.975,3
WI,Barron,319.9571429,2
WI,Bayfield,313.525,2
WI,Brown,304.4214286,2
WI,Buffalo,307.7,2
WI,Burnett,280.2333333,1
WI,Calumet,330.7428571,2
WI,Chippewa,309.05,2
WI,Clark,307.5666667,2
WI,Columbia,262.6727273,1
WI,Crawford,293.1333333,2
WI,Dane,215.9266667,1
WI,Dodge,236.6153846,1
WI,Door,328.6666667,2
WI,Douglas,273.1,1
WI,Dunn,286.3833333,1
WI,Eau Claire,313.8833333,2
WI,Florence,368.0166667,3
WI,Fond du Lac,303.2428571,2
WI,Forest,383.2428571,3
WI,Grant,306.9833333,2
WI,Green,242.3384615,1
WI,Green Lake,307.9,2
WI,Iowa,270.4777778,1
WI,Iron,334.6666667,2
WI,Jackson,310.1833333,2
WI,Jefferson,244.6142857,1
WI,Juneau,325.9,2
WI,Kenosha,273.24,1
WI,Kewaunee,320,2
WI,La Crosse,274.8833333,1
WI,Lafayette,264.6833333,1
WI,Langlade,339.325,2
WI,Lincoln,324.3833333,2
WI,Manitowoc,341.7,2
WI,Marathon,249.4,1
WI,Marinette,377.4833333,3
WI,Marquette,322.2,2
WI,Menominee,356.275,3
WI,Milwaukee,320.0117647,2
WI,Monroe,324.1833333,2
WI,Oconto,425.3333333,4
WI,Oneida,371.9,3
WI,Outagamie,290.225,2
WI,Ozaukee,295.9125,2
WI,Pepin,304.7,2
WI,Pierce,244.3909091,1
WI,Polk,285.8833333,1
WI,Portage,278.0571429,1
WI,Price,368.3285714,3
WI,Racine,287.63125,2
WI,Richland,297.15,2
WI,Rock,285.5071429,1
WI,Rusk,349.8,2
WI,Sauk,296.54,2
WI,Sawyer,448.55,4
WI,Shawano,327.21,2
WI,Sheboygan,298.2125,2
WI,St. Croix,245.2,1
WI,Taylor,267.0666667,1
WI,Trempealeau,294.4666667,2
WI,Vernon,307.35,2
WI,Vilas,388.2857143,3
WI,Walworth,263.4142857,1
WI,Washburn,318.8,2
WI,Washington,262.8866667,1
WI,Waukesha,244.75,1
WI,Waupaca,343.4,2
WI,Waushara,384.4333333,3
WI,Winnebago,241.9625,1
WI,Wood,248.5666667,1
WV,Barbour,383.9833333,3
WV,Berkeley,389.1111111,3
WV,Boone,414.1444444,4
WV,Braxton,347.3166667,2
WV,Brooke,458.4333333,4
WV,Cabell,348.7555556,2
WV,Calhoun,346.8166667,2
WV,Clay,344.6333333,2
WV,Doddridge,411.95,4
WV,Fayette,380.0666667,3
WV,Gilmer,359.75,3
WV,Grant,353.3166667,3
WV,Greenbrier,347.7375,2
WV,Hampshire,318.475,2
WV,Hancock,471.7666667,4
WV,Hardy,295.8714286,2
WV,Harrison,408.4428571,3
WV,Jackson,378.1875,3
WV,Jefferson,292.3769231,2
WV,Kanawha,348.6666667,2
WV,Lewis,411.7,4
WV,Lincoln,363.9333333,3
WV,Logan,443.2333333,4
WV,Marion,427.2142857,4
WV,Marshall,391.1666667,3
WV,Mason,388.1875,3
WV,McDowell,475.2,4
WV,Mercer,409.4777778,4
WV,Mineral,364.9571429,3
WV,Mingo,489.525,4
WV,Monongalia,366,3
WV,Monroe,348.5222222,2
WV,Morgan,361.05,3
WV,Nicholas,361.6285714,3
WV,Ohio,422.1444444,4
WV,Pendleton,276.1714286,1
WV,Pleasants,375.2666667,3
WV,Pocahontas,315.5333333,2
WV,Preston,388.5285714,3
WV,Putnam,343.3444444,2
WV,Raleigh,399.9111111,3
WV,Randolph,371.6,3
WV,Ritchie,392.95,3
WV,Roane,345,2
WV,Summers,404.8888889,3
WV,Taylor,385.7285714,3
WV,Tucker,388.2166667,3
WV,Tyler,365.2,3
WV,Upshur,395.4333333,3
WV,Wayne,348.7875,2
WV,Webster,373.4666667,3
WV,Wetzel,418.2571429,4
WV,Wirt,396.1833333,3
WV,Wood,400.85,3
WV,Wyoming,466.6444444,4
WY,Albany,238.55,1
WY,Big Horn,350.7428571,2
WY,Campbell,325.4166667,2
WY,Carbon,330.7272727,2
WY,Converse,290.8285714,2
WY,Crook,290.2666667,2
WY,Fremont,346.6363636,2
WY,Goshen,276.1222222,1
WY,Hot Springs,310.3166667,2
WY,Johnson,316.3285714,2
WY,Laramie,263.8363636,1
WY,Lincoln,281.6714286,1
WY,Natrona,300.9,2
WY,Niobrara,361.6166667,3
WY,Park,269.4111111,1
WY,Platte,285.8125,1
WY,Sheridan,359.2875,3
WY,Sublette,275.4125,1
WY,Sweetwater,392.575,3
WY,Teton,186.1125,1
WY,Uinta,321.9142857,2
WY,Washakie,304.2875,2
WY,Weston,359.85,3
